"city","city_slug","category","category_slug","listing_count","under_12","under_3","indexable"
"Pensacola, FL","pensacola-fl","HVAC","hvac","12","no","no","yes"
"Pensacola, FL","pensacola-fl","Plumbing","plumbing","12","no","no","yes"
"Pensacola, FL","pensacola-fl","Auto mechanics","auto-mechanics","12","no","no","yes"
"Pensacola, FL","pensacola-fl","Roofing","roofing","12","no","no","yes"
"Pensacola, FL","pensacola-fl","Electrical","electrical","12","no","no","yes"
"Pensacola, FL","pensacola-fl","Lawn care","lawn-care","1","yes","yes","no"
"Pensacola, FL","pensacola-fl","Pest control","pest-control","12","no","no","yes"
"Pensacola, FL","pensacola-fl","House cleaning","house-cleaning","1","yes","yes","no"
"Pensacola, FL","pensacola-fl","Landscaping","landscaping","12","no","no","yes"
"Pensacola, FL","pensacola-fl","Tree service","tree-service","12","no","no","yes"
"Pensacola, FL","pensacola-fl","Garage door repair","garage-door-repair","1","yes","yes","no"
"Pensacola, FL","pensacola-fl","Locksmith","locksmith","1","yes","yes","no"
"Pensacola, FL","pensacola-fl","Appliance repair","appliance-repair","1","yes","yes","no"
"Pensacola, FL","pensacola-fl","Movers","movers","1","yes","yes","no"
"Pensacola, FL","pensacola-fl","Handyman","handyman","12","no","no","yes"
"Pensacola, FL","pensacola-fl","Painting","painting","10","yes","no","yes"
"Pensacola, FL","pensacola-fl","Pool service","pool-service","12","no","no","yes"
"Pensacola, FL","pensacola-fl","Kitchen & bath remodeling","kitchen-bath-remodeling","12","no","no","yes"
"Pensacola, FL","pensacola-fl","Flooring","flooring","1","yes","yes","no"
"Pensacola, FL","pensacola-fl","Towing","towing","1","yes","yes","no"
"Pensacola, FL","pensacola-fl","Auto body & collision","auto-body-collision","1","yes","yes","no"
"Pensacola, FL","pensacola-fl","Fence builders","fence-builders","12","no","no","yes"
"Pensacola, FL","pensacola-fl","Junk removal","junk-removal","1","yes","yes","no"
"Pensacola, FL","pensacola-fl","Water damage & mold remediation","water-damage-mold-remediation","12","no","no","yes"
"Pensacola, FL","pensacola-fl","Concrete & driveways","concrete","12","no","no","yes"
"Pensacola, FL","pensacola-fl","Gutters","gutters","1","yes","yes","no"
"Pensacola, FL","pensacola-fl","Carpet cleaning","carpet-cleaning","1","yes","yes","no"
"Pensacola, FL","pensacola-fl","Pressure washing","pressure-washing","10","yes","no","yes"
"Pensacola, FL","pensacola-fl","Septic services","septic-services","1","yes","yes","no"
"Pensacola, FL","pensacola-fl","Pool installation","pool-installation","12","no","no","yes"
"Pensacola, FL","pensacola-fl","Window tinting","window-tinting","12","no","no","yes"
"Pensacola, FL","pensacola-fl","Generator installation","generator-installation","12","no","no","yes"
"Pensacola, FL","pensacola-fl","Insulation","insulation","12","no","no","yes"
"Pensacola, FL","pensacola-fl","Marine services","marine-services","12","no","no","yes"
"Pensacola, FL","pensacola-fl","Screen enclosures & pool cages","screen-enclosures-pool-cages","12","no","no","yes"
"Pensacola, FL","pensacola-fl","Hurricane shutters & impact windows","hurricane-shutters-impact-windows","12","no","no","yes"
"Pensacola, FL","pensacola-fl","Trading card stores","trading-card-stores","10","yes","no","yes"
"Gulf Breeze, FL","gulf-breeze-fl","HVAC","hvac","12","no","no","yes"
"Gulf Breeze, FL","gulf-breeze-fl","Plumbing","plumbing","12","no","no","yes"
"Gulf Breeze, FL","gulf-breeze-fl","Auto mechanics","auto-mechanics","12","no","no","yes"
"Gulf Breeze, FL","gulf-breeze-fl","Roofing","roofing","12","no","no","yes"
"Gulf Breeze, FL","gulf-breeze-fl","Electrical","electrical","12","no","no","yes"
"Gulf Breeze, FL","gulf-breeze-fl","Lawn care","lawn-care","1","yes","yes","no"
"Gulf Breeze, FL","gulf-breeze-fl","Pest control","pest-control","12","no","no","yes"
"Gulf Breeze, FL","gulf-breeze-fl","House cleaning","house-cleaning","1","yes","yes","no"
"Gulf Breeze, FL","gulf-breeze-fl","Landscaping","landscaping","12","no","no","yes"
"Gulf Breeze, FL","gulf-breeze-fl","Tree service","tree-service","12","no","no","yes"
"Gulf Breeze, FL","gulf-breeze-fl","Garage door repair","garage-door-repair","1","yes","yes","no"
"Gulf Breeze, FL","gulf-breeze-fl","Locksmith","locksmith","1","yes","yes","no"
"Gulf Breeze, FL","gulf-breeze-fl","Appliance repair","appliance-repair","1","yes","yes","no"
"Gulf Breeze, FL","gulf-breeze-fl","Movers","movers","1","yes","yes","no"
"Gulf Breeze, FL","gulf-breeze-fl","Handyman","handyman","12","no","no","yes"
"Gulf Breeze, FL","gulf-breeze-fl","Painting","painting","10","yes","no","yes"
"Gulf Breeze, FL","gulf-breeze-fl","Pool service","pool-service","12","no","no","yes"
"Gulf Breeze, FL","gulf-breeze-fl","Kitchen & bath remodeling","kitchen-bath-remodeling","12","no","no","yes"
"Gulf Breeze, FL","gulf-breeze-fl","Flooring","flooring","1","yes","yes","no"
"Gulf Breeze, FL","gulf-breeze-fl","Towing","towing","1","yes","yes","no"
"Gulf Breeze, FL","gulf-breeze-fl","Auto body & collision","auto-body-collision","1","yes","yes","no"
"Gulf Breeze, FL","gulf-breeze-fl","Fence builders","fence-builders","12","no","no","yes"
"Gulf Breeze, FL","gulf-breeze-fl","Junk removal","junk-removal","1","yes","yes","no"
"Gulf Breeze, FL","gulf-breeze-fl","Water damage & mold remediation","water-damage-mold-remediation","12","no","no","yes"
"Gulf Breeze, FL","gulf-breeze-fl","Concrete & driveways","concrete","12","no","no","yes"
"Gulf Breeze, FL","gulf-breeze-fl","Gutters","gutters","1","yes","yes","no"
"Gulf Breeze, FL","gulf-breeze-fl","Carpet cleaning","carpet-cleaning","1","yes","yes","no"
"Gulf Breeze, FL","gulf-breeze-fl","Pressure washing","pressure-washing","10","yes","no","yes"
"Gulf Breeze, FL","gulf-breeze-fl","Septic services","septic-services","1","yes","yes","no"
"Gulf Breeze, FL","gulf-breeze-fl","Pool installation","pool-installation","12","no","no","yes"
"Gulf Breeze, FL","gulf-breeze-fl","Window tinting","window-tinting","12","no","no","yes"
"Gulf Breeze, FL","gulf-breeze-fl","Generator installation","generator-installation","12","no","no","yes"
"Gulf Breeze, FL","gulf-breeze-fl","Insulation","insulation","12","no","no","yes"
"Gulf Breeze, FL","gulf-breeze-fl","Marine services","marine-services","12","no","no","yes"
"Gulf Breeze, FL","gulf-breeze-fl","Screen enclosures & pool cages","screen-enclosures-pool-cages","12","no","no","yes"
"Gulf Breeze, FL","gulf-breeze-fl","Hurricane shutters & impact windows","hurricane-shutters-impact-windows","12","no","no","yes"
"Gulf Breeze, FL","gulf-breeze-fl","Trading card stores","trading-card-stores","10","yes","no","yes"
"Navarre, FL","navarre-fl","HVAC","hvac","12","no","no","yes"
"Navarre, FL","navarre-fl","Plumbing","plumbing","12","no","no","yes"
"Navarre, FL","navarre-fl","Auto mechanics","auto-mechanics","12","no","no","yes"
"Navarre, FL","navarre-fl","Roofing","roofing","12","no","no","yes"
"Navarre, FL","navarre-fl","Electrical","electrical","12","no","no","yes"
"Navarre, FL","navarre-fl","Lawn care","lawn-care","1","yes","yes","no"
"Navarre, FL","navarre-fl","Pest control","pest-control","12","no","no","yes"
"Navarre, FL","navarre-fl","House cleaning","house-cleaning","1","yes","yes","no"
"Navarre, FL","navarre-fl","Landscaping","landscaping","12","no","no","yes"
"Navarre, FL","navarre-fl","Tree service","tree-service","12","no","no","yes"
"Navarre, FL","navarre-fl","Garage door repair","garage-door-repair","1","yes","yes","no"
"Navarre, FL","navarre-fl","Locksmith","locksmith","1","yes","yes","no"
"Navarre, FL","navarre-fl","Appliance repair","appliance-repair","1","yes","yes","no"
"Navarre, FL","navarre-fl","Movers","movers","1","yes","yes","no"
"Navarre, FL","navarre-fl","Handyman","handyman","12","no","no","yes"
"Navarre, FL","navarre-fl","Painting","painting","10","yes","no","yes"
"Navarre, FL","navarre-fl","Pool service","pool-service","12","no","no","yes"
"Navarre, FL","navarre-fl","Kitchen & bath remodeling","kitchen-bath-remodeling","12","no","no","yes"
"Navarre, FL","navarre-fl","Flooring","flooring","1","yes","yes","no"
"Navarre, FL","navarre-fl","Towing","towing","1","yes","yes","no"
"Navarre, FL","navarre-fl","Auto body & collision","auto-body-collision","1","yes","yes","no"
"Navarre, FL","navarre-fl","Fence builders","fence-builders","12","no","no","yes"
"Navarre, FL","navarre-fl","Junk removal","junk-removal","1","yes","yes","no"
"Navarre, FL","navarre-fl","Water damage & mold remediation","water-damage-mold-remediation","12","no","no","yes"
"Navarre, FL","navarre-fl","Concrete & driveways","concrete","12","no","no","yes"
"Navarre, FL","navarre-fl","Gutters","gutters","1","yes","yes","no"
"Navarre, FL","navarre-fl","Carpet cleaning","carpet-cleaning","1","yes","yes","no"
"Navarre, FL","navarre-fl","Pressure washing","pressure-washing","10","yes","no","yes"
"Navarre, FL","navarre-fl","Septic services","septic-services","1","yes","yes","no"
"Navarre, FL","navarre-fl","Pool installation","pool-installation","12","no","no","yes"
"Navarre, FL","navarre-fl","Window tinting","window-tinting","12","no","no","yes"
"Navarre, FL","navarre-fl","Generator installation","generator-installation","12","no","no","yes"
"Navarre, FL","navarre-fl","Insulation","insulation","12","no","no","yes"
"Navarre, FL","navarre-fl","Marine services","marine-services","12","no","no","yes"
"Navarre, FL","navarre-fl","Screen enclosures & pool cages","screen-enclosures-pool-cages","12","no","no","yes"
"Navarre, FL","navarre-fl","Hurricane shutters & impact windows","hurricane-shutters-impact-windows","12","no","no","yes"
"Navarre, FL","navarre-fl","Trading card stores","trading-card-stores","10","yes","no","yes"
"Perdido Key, FL","perdido-key-fl","HVAC","hvac","12","no","no","yes"
"Perdido Key, FL","perdido-key-fl","Plumbing","plumbing","12","no","no","yes"
"Perdido Key, FL","perdido-key-fl","Auto mechanics","auto-mechanics","12","no","no","yes"
"Perdido Key, FL","perdido-key-fl","Roofing","roofing","12","no","no","yes"
"Perdido Key, FL","perdido-key-fl","Electrical","electrical","12","no","no","yes"
"Perdido Key, FL","perdido-key-fl","Lawn care","lawn-care","1","yes","yes","no"
"Perdido Key, FL","perdido-key-fl","Pest control","pest-control","12","no","no","yes"
"Perdido Key, FL","perdido-key-fl","House cleaning","house-cleaning","1","yes","yes","no"
"Perdido Key, FL","perdido-key-fl","Landscaping","landscaping","12","no","no","yes"
"Perdido Key, FL","perdido-key-fl","Tree service","tree-service","12","no","no","yes"
"Perdido Key, FL","perdido-key-fl","Garage door repair","garage-door-repair","1","yes","yes","no"
"Perdido Key, FL","perdido-key-fl","Locksmith","locksmith","1","yes","yes","no"
"Perdido Key, FL","perdido-key-fl","Appliance repair","appliance-repair","1","yes","yes","no"
"Perdido Key, FL","perdido-key-fl","Movers","movers","1","yes","yes","no"
"Perdido Key, FL","perdido-key-fl","Handyman","handyman","12","no","no","yes"
"Perdido Key, FL","perdido-key-fl","Painting","painting","10","yes","no","yes"
"Perdido Key, FL","perdido-key-fl","Pool service","pool-service","12","no","no","yes"
"Perdido Key, FL","perdido-key-fl","Kitchen & bath remodeling","kitchen-bath-remodeling","12","no","no","yes"
"Perdido Key, FL","perdido-key-fl","Flooring","flooring","1","yes","yes","no"
"Perdido Key, FL","perdido-key-fl","Towing","towing","1","yes","yes","no"
"Perdido Key, FL","perdido-key-fl","Auto body & collision","auto-body-collision","1","yes","yes","no"
"Perdido Key, FL","perdido-key-fl","Fence builders","fence-builders","12","no","no","yes"
"Perdido Key, FL","perdido-key-fl","Junk removal","junk-removal","1","yes","yes","no"
"Perdido Key, FL","perdido-key-fl","Water damage & mold remediation","water-damage-mold-remediation","12","no","no","yes"
"Perdido Key, FL","perdido-key-fl","Concrete & driveways","concrete","12","no","no","yes"
"Perdido Key, FL","perdido-key-fl","Gutters","gutters","1","yes","yes","no"
"Perdido Key, FL","perdido-key-fl","Carpet cleaning","carpet-cleaning","1","yes","yes","no"
"Perdido Key, FL","perdido-key-fl","Pressure washing","pressure-washing","10","yes","no","yes"
"Perdido Key, FL","perdido-key-fl","Septic services","septic-services","1","yes","yes","no"
"Perdido Key, FL","perdido-key-fl","Pool installation","pool-installation","12","no","no","yes"
"Perdido Key, FL","perdido-key-fl","Window tinting","window-tinting","12","no","no","yes"
"Perdido Key, FL","perdido-key-fl","Generator installation","generator-installation","12","no","no","yes"
"Perdido Key, FL","perdido-key-fl","Insulation","insulation","12","no","no","yes"
"Perdido Key, FL","perdido-key-fl","Marine services","marine-services","12","no","no","yes"
"Perdido Key, FL","perdido-key-fl","Screen enclosures & pool cages","screen-enclosures-pool-cages","12","no","no","yes"
"Perdido Key, FL","perdido-key-fl","Hurricane shutters & impact windows","hurricane-shutters-impact-windows","12","no","no","yes"
"Perdido Key, FL","perdido-key-fl","Trading card stores","trading-card-stores","10","yes","no","yes"
"Orange Beach, AL","orange-beach-al","HVAC","hvac","12","no","no","yes"
"Orange Beach, AL","orange-beach-al","Plumbing","plumbing","12","no","no","yes"
"Orange Beach, AL","orange-beach-al","Auto mechanics","auto-mechanics","12","no","no","yes"
"Orange Beach, AL","orange-beach-al","Roofing","roofing","10","yes","no","yes"
"Orange Beach, AL","orange-beach-al","Electrical","electrical","12","no","no","yes"
"Orange Beach, AL","orange-beach-al","Lawn care","lawn-care","1","yes","yes","no"
"Orange Beach, AL","orange-beach-al","Pest control","pest-control","12","no","no","yes"
"Orange Beach, AL","orange-beach-al","House cleaning","house-cleaning","1","yes","yes","no"
"Orange Beach, AL","orange-beach-al","Landscaping","landscaping","12","no","no","yes"
"Orange Beach, AL","orange-beach-al","Tree service","tree-service","12","no","no","yes"
"Orange Beach, AL","orange-beach-al","Garage door repair","garage-door-repair","1","yes","yes","no"
"Orange Beach, AL","orange-beach-al","Locksmith","locksmith","1","yes","yes","no"
"Orange Beach, AL","orange-beach-al","Appliance repair","appliance-repair","1","yes","yes","no"
"Orange Beach, AL","orange-beach-al","Movers","movers","1","yes","yes","no"
"Orange Beach, AL","orange-beach-al","Handyman","handyman","12","no","no","yes"
"Orange Beach, AL","orange-beach-al","Painting","painting","12","no","no","yes"
"Orange Beach, AL","orange-beach-al","Pool service","pool-service","12","no","no","yes"
"Orange Beach, AL","orange-beach-al","Kitchen & bath remodeling","kitchen-bath-remodeling","12","no","no","yes"
"Orange Beach, AL","orange-beach-al","Flooring","flooring","1","yes","yes","no"
"Orange Beach, AL","orange-beach-al","Towing","towing","1","yes","yes","no"
"Orange Beach, AL","orange-beach-al","Auto body & collision","auto-body-collision","1","yes","yes","no"
"Orange Beach, AL","orange-beach-al","Fence builders","fence-builders","12","no","no","yes"
"Orange Beach, AL","orange-beach-al","Junk removal","junk-removal","1","yes","yes","no"
"Orange Beach, AL","orange-beach-al","Water damage & mold remediation","water-damage-mold-remediation","12","no","no","yes"
"Orange Beach, AL","orange-beach-al","Concrete & driveways","concrete","12","no","no","yes"
"Orange Beach, AL","orange-beach-al","Gutters","gutters","1","yes","yes","no"
"Orange Beach, AL","orange-beach-al","Carpet cleaning","carpet-cleaning","1","yes","yes","no"
"Orange Beach, AL","orange-beach-al","Pressure washing","pressure-washing","12","no","no","yes"
"Orange Beach, AL","orange-beach-al","Septic services","septic-services","1","yes","yes","no"
"Orange Beach, AL","orange-beach-al","Pool installation","pool-installation","12","no","no","yes"
"Orange Beach, AL","orange-beach-al","Window tinting","window-tinting","12","no","no","yes"
"Orange Beach, AL","orange-beach-al","Generator installation","generator-installation","10","yes","no","yes"
"Orange Beach, AL","orange-beach-al","Insulation","insulation","12","no","no","yes"
"Orange Beach, AL","orange-beach-al","Marine services","marine-services","12","no","no","yes"
"Orange Beach, AL","orange-beach-al","Screen enclosures & pool cages","screen-enclosures-pool-cages","10","yes","no","yes"
"Orange Beach, AL","orange-beach-al","Hurricane shutters & impact windows","hurricane-shutters-impact-windows","10","yes","no","yes"
"Orange Beach, AL","orange-beach-al","Trading card stores","trading-card-stores","10","yes","no","yes"
"Mobile, AL","mobile-al","HVAC","hvac","12","no","no","yes"
"Mobile, AL","mobile-al","Plumbing","plumbing","12","no","no","yes"
"Mobile, AL","mobile-al","Auto mechanics","auto-mechanics","12","no","no","yes"
"Mobile, AL","mobile-al","Roofing","roofing","10","yes","no","yes"
"Mobile, AL","mobile-al","Electrical","electrical","12","no","no","yes"
"Mobile, AL","mobile-al","Lawn care","lawn-care","1","yes","yes","no"
"Mobile, AL","mobile-al","Pest control","pest-control","12","no","no","yes"
"Mobile, AL","mobile-al","House cleaning","house-cleaning","1","yes","yes","no"
"Mobile, AL","mobile-al","Landscaping","landscaping","12","no","no","yes"
"Mobile, AL","mobile-al","Tree service","tree-service","12","no","no","yes"
"Mobile, AL","mobile-al","Garage door repair","garage-door-repair","1","yes","yes","no"
"Mobile, AL","mobile-al","Locksmith","locksmith","1","yes","yes","no"
"Mobile, AL","mobile-al","Appliance repair","appliance-repair","1","yes","yes","no"
"Mobile, AL","mobile-al","Movers","movers","1","yes","yes","no"
"Mobile, AL","mobile-al","Handyman","handyman","12","no","no","yes"
"Mobile, AL","mobile-al","Painting","painting","12","no","no","yes"
"Mobile, AL","mobile-al","Pool service","pool-service","12","no","no","yes"
"Mobile, AL","mobile-al","Kitchen & bath remodeling","kitchen-bath-remodeling","12","no","no","yes"
"Mobile, AL","mobile-al","Flooring","flooring","1","yes","yes","no"
"Mobile, AL","mobile-al","Towing","towing","1","yes","yes","no"
"Mobile, AL","mobile-al","Auto body & collision","auto-body-collision","1","yes","yes","no"
"Mobile, AL","mobile-al","Fence builders","fence-builders","12","no","no","yes"
"Mobile, AL","mobile-al","Junk removal","junk-removal","1","yes","yes","no"
"Mobile, AL","mobile-al","Water damage & mold remediation","water-damage-mold-remediation","12","no","no","yes"
"Mobile, AL","mobile-al","Concrete & driveways","concrete","12","no","no","yes"
"Mobile, AL","mobile-al","Gutters","gutters","1","yes","yes","no"
"Mobile, AL","mobile-al","Carpet cleaning","carpet-cleaning","1","yes","yes","no"
"Mobile, AL","mobile-al","Pressure washing","pressure-washing","12","no","no","yes"
"Mobile, AL","mobile-al","Septic services","septic-services","1","yes","yes","no"
"Mobile, AL","mobile-al","Pool installation","pool-installation","12","no","no","yes"
"Mobile, AL","mobile-al","Window tinting","window-tinting","12","no","no","yes"
"Mobile, AL","mobile-al","Generator installation","generator-installation","10","yes","no","yes"
"Mobile, AL","mobile-al","Insulation","insulation","12","no","no","yes"
"Mobile, AL","mobile-al","Marine services","marine-services","12","no","no","yes"
"Mobile, AL","mobile-al","Screen enclosures & pool cages","screen-enclosures-pool-cages","10","yes","no","yes"
"Mobile, AL","mobile-al","Hurricane shutters & impact windows","hurricane-shutters-impact-windows","10","yes","no","yes"
"Mobile, AL","mobile-al","Trading card stores","trading-card-stores","10","yes","no","yes"
"Tampa, FL","tampa-fl","HVAC","hvac","12","no","no","yes"
"Tampa, FL","tampa-fl","Plumbing","plumbing","10","yes","no","yes"
"Tampa, FL","tampa-fl","Auto mechanics","auto-mechanics","12","no","no","yes"
"Tampa, FL","tampa-fl","Roofing","roofing","10","yes","no","yes"
"Tampa, FL","tampa-fl","Electrical","electrical","10","yes","no","yes"
"Tampa, FL","tampa-fl","Lawn care","lawn-care","1","yes","yes","no"
"Tampa, FL","tampa-fl","Pest control","pest-control","12","no","no","yes"
"Tampa, FL","tampa-fl","House cleaning","house-cleaning","1","yes","yes","no"
"Tampa, FL","tampa-fl","Landscaping","landscaping","12","no","no","yes"
"Tampa, FL","tampa-fl","Tree service","tree-service","12","no","no","yes"
"Tampa, FL","tampa-fl","Garage door repair","garage-door-repair","1","yes","yes","no"
"Tampa, FL","tampa-fl","Locksmith","locksmith","1","yes","yes","no"
"Tampa, FL","tampa-fl","Appliance repair","appliance-repair","1","yes","yes","no"
"Tampa, FL","tampa-fl","Movers","movers","1","yes","yes","no"
"Tampa, FL","tampa-fl","Handyman","handyman","12","no","no","yes"
"Tampa, FL","tampa-fl","Painting","painting","10","yes","no","yes"
"Tampa, FL","tampa-fl","Pool service","pool-service","12","no","no","yes"
"Tampa, FL","tampa-fl","Kitchen & bath remodeling","kitchen-bath-remodeling","12","no","no","yes"
"Tampa, FL","tampa-fl","Flooring","flooring","1","yes","yes","no"
"Tampa, FL","tampa-fl","Towing","towing","1","yes","yes","no"
"Tampa, FL","tampa-fl","Auto body & collision","auto-body-collision","1","yes","yes","no"
"Tampa, FL","tampa-fl","Fence builders","fence-builders","12","no","no","yes"
"Tampa, FL","tampa-fl","Junk removal","junk-removal","1","yes","yes","no"
"Tampa, FL","tampa-fl","Water damage & mold remediation","water-damage-mold-remediation","10","yes","no","yes"
"Tampa, FL","tampa-fl","Concrete & driveways","concrete","12","no","no","yes"
"Tampa, FL","tampa-fl","Gutters","gutters","1","yes","yes","no"
"Tampa, FL","tampa-fl","Carpet cleaning","carpet-cleaning","1","yes","yes","no"
"Tampa, FL","tampa-fl","Pressure washing","pressure-washing","10","yes","no","yes"
"Tampa, FL","tampa-fl","Septic services","septic-services","1","yes","yes","no"
"Tampa, FL","tampa-fl","Pool installation","pool-installation","12","no","no","yes"
"Tampa, FL","tampa-fl","Window tinting","window-tinting","12","no","no","yes"
"Tampa, FL","tampa-fl","Generator installation","generator-installation","10","yes","no","yes"
"Tampa, FL","tampa-fl","Insulation","insulation","12","no","no","yes"
"Tampa, FL","tampa-fl","Marine services","marine-services","12","no","no","yes"
"Tampa, FL","tampa-fl","Screen enclosures & pool cages","screen-enclosures-pool-cages","10","yes","no","yes"
"Tampa, FL","tampa-fl","Hurricane shutters & impact windows","hurricane-shutters-impact-windows","10","yes","no","yes"
"Tampa, FL","tampa-fl","Trading card stores","trading-card-stores","8","yes","no","yes"
"Atlanta, GA","atlanta-ga","HVAC","hvac","12","no","no","yes"
"Atlanta, GA","atlanta-ga","Plumbing","plumbing","11","yes","no","yes"
"Atlanta, GA","atlanta-ga","Auto mechanics","auto-mechanics","12","no","no","yes"
"Atlanta, GA","atlanta-ga","Roofing","roofing","12","no","no","yes"
"Atlanta, GA","atlanta-ga","Electrical","electrical","12","no","no","yes"
"Atlanta, GA","atlanta-ga","Lawn care","lawn-care","1","yes","yes","no"
"Atlanta, GA","atlanta-ga","Pest control","pest-control","12","no","no","yes"
"Atlanta, GA","atlanta-ga","House cleaning","house-cleaning","1","yes","yes","no"
"Atlanta, GA","atlanta-ga","Landscaping","landscaping","12","no","no","yes"
"Atlanta, GA","atlanta-ga","Tree service","tree-service","12","no","no","yes"
"Atlanta, GA","atlanta-ga","Garage door repair","garage-door-repair","1","yes","yes","no"
"Atlanta, GA","atlanta-ga","Locksmith","locksmith","1","yes","yes","no"
"Atlanta, GA","atlanta-ga","Appliance repair","appliance-repair","1","yes","yes","no"
"Atlanta, GA","atlanta-ga","Movers","movers","1","yes","yes","no"
"Atlanta, GA","atlanta-ga","Handyman","handyman","12","no","no","yes"
"Atlanta, GA","atlanta-ga","Painting","painting","11","yes","no","yes"
"Atlanta, GA","atlanta-ga","Pool service","pool-service","12","no","no","yes"
"Atlanta, GA","atlanta-ga","Kitchen & bath remodeling","kitchen-bath-remodeling","12","no","no","yes"
"Atlanta, GA","atlanta-ga","Flooring","flooring","1","yes","yes","no"
"Atlanta, GA","atlanta-ga","Towing","towing","1","yes","yes","no"
"Atlanta, GA","atlanta-ga","Auto body & collision","auto-body-collision","1","yes","yes","no"
"Atlanta, GA","atlanta-ga","Fence builders","fence-builders","12","no","no","yes"
"Atlanta, GA","atlanta-ga","Junk removal","junk-removal","1","yes","yes","no"
"Atlanta, GA","atlanta-ga","Water damage & mold remediation","water-damage-mold-remediation","12","no","no","yes"
"Atlanta, GA","atlanta-ga","Concrete & driveways","concrete","12","no","no","yes"
"Atlanta, GA","atlanta-ga","Gutters","gutters","1","yes","yes","no"
"Atlanta, GA","atlanta-ga","Carpet cleaning","carpet-cleaning","1","yes","yes","no"
"Atlanta, GA","atlanta-ga","Pressure washing","pressure-washing","11","yes","no","yes"
"Atlanta, GA","atlanta-ga","Septic services","septic-services","1","yes","yes","no"
"Atlanta, GA","atlanta-ga","Pool installation","pool-installation","12","no","no","yes"
"Atlanta, GA","atlanta-ga","Window tinting","window-tinting","12","no","no","yes"
"Atlanta, GA","atlanta-ga","Generator installation","generator-installation","10","yes","no","yes"
"Atlanta, GA","atlanta-ga","Insulation","insulation","12","no","no","yes"
"Atlanta, GA","atlanta-ga","Marine services","marine-services","12","no","no","yes"
"Atlanta, GA","atlanta-ga","Screen enclosures & pool cages","screen-enclosures-pool-cages","12","no","no","yes"
"Atlanta, GA","atlanta-ga","Hurricane shutters & impact windows","hurricane-shutters-impact-windows","10","yes","no","yes"
"Atlanta, GA","atlanta-ga","Trading card stores","trading-card-stores","12","no","no","yes"
"Destin, FL","destin-fl","HVAC","hvac","1","yes","yes","no"
"Destin, FL","destin-fl","Plumbing","plumbing","1","yes","yes","no"
"Destin, FL","destin-fl","Auto mechanics","auto-mechanics","1","yes","yes","no"
"Destin, FL","destin-fl","Roofing","roofing","1","yes","yes","no"
"Destin, FL","destin-fl","Electrical","electrical","1","yes","yes","no"
"Destin, FL","destin-fl","Lawn care","lawn-care","1","yes","yes","no"
"Destin, FL","destin-fl","Pest control","pest-control","1","yes","yes","no"
"Destin, FL","destin-fl","House cleaning","house-cleaning","1","yes","yes","no"
"Destin, FL","destin-fl","Landscaping","landscaping","1","yes","yes","no"
"Destin, FL","destin-fl","Tree service","tree-service","1","yes","yes","no"
"Destin, FL","destin-fl","Garage door repair","garage-door-repair","1","yes","yes","no"
"Destin, FL","destin-fl","Locksmith","locksmith","1","yes","yes","no"
"Destin, FL","destin-fl","Appliance repair","appliance-repair","1","yes","yes","no"
"Destin, FL","destin-fl","Movers","movers","1","yes","yes","no"
"Destin, FL","destin-fl","Handyman","handyman","1","yes","yes","no"
"Destin, FL","destin-fl","Painting","painting","1","yes","yes","no"
"Destin, FL","destin-fl","Pool service","pool-service","1","yes","yes","no"
"Destin, FL","destin-fl","Kitchen & bath remodeling","kitchen-bath-remodeling","1","yes","yes","no"
"Destin, FL","destin-fl","Flooring","flooring","1","yes","yes","no"
"Destin, FL","destin-fl","Towing","towing","1","yes","yes","no"
"Destin, FL","destin-fl","Auto body & collision","auto-body-collision","1","yes","yes","no"
"Destin, FL","destin-fl","Fence builders","fence-builders","1","yes","yes","no"
"Destin, FL","destin-fl","Junk removal","junk-removal","1","yes","yes","no"
"Destin, FL","destin-fl","Water damage & mold remediation","water-damage-mold-remediation","1","yes","yes","no"
"Destin, FL","destin-fl","Concrete & driveways","concrete","1","yes","yes","no"
"Destin, FL","destin-fl","Gutters","gutters","1","yes","yes","no"
"Destin, FL","destin-fl","Carpet cleaning","carpet-cleaning","1","yes","yes","no"
"Destin, FL","destin-fl","Pressure washing","pressure-washing","1","yes","yes","no"
"Destin, FL","destin-fl","Septic services","septic-services","1","yes","yes","no"
"Destin, FL","destin-fl","Pool installation","pool-installation","1","yes","yes","no"
"Destin, FL","destin-fl","Window tinting","window-tinting","1","yes","yes","no"
"Destin, FL","destin-fl","Generator installation","generator-installation","1","yes","yes","no"
"Destin, FL","destin-fl","Insulation","insulation","1","yes","yes","no"
"Destin, FL","destin-fl","Marine services","marine-services","1","yes","yes","no"
"Destin, FL","destin-fl","Screen enclosures & pool cages","screen-enclosures-pool-cages","1","yes","yes","no"
"Destin, FL","destin-fl","Hurricane shutters & impact windows","hurricane-shutters-impact-windows","1","yes","yes","no"
"Destin, FL","destin-fl","Trading card stores","trading-card-stores","1","yes","yes","no"
"Fort Walton Beach, FL","fort-walton-beach-fl","HVAC","hvac","1","yes","yes","no"
"Fort Walton Beach, FL","fort-walton-beach-fl","Plumbing","plumbing","1","yes","yes","no"
"Fort Walton Beach, FL","fort-walton-beach-fl","Auto mechanics","auto-mechanics","1","yes","yes","no"
"Fort Walton Beach, FL","fort-walton-beach-fl","Roofing","roofing","1","yes","yes","no"
"Fort Walton Beach, FL","fort-walton-beach-fl","Electrical","electrical","1","yes","yes","no"
"Fort Walton Beach, FL","fort-walton-beach-fl","Lawn care","lawn-care","1","yes","yes","no"
"Fort Walton Beach, FL","fort-walton-beach-fl","Pest control","pest-control","1","yes","yes","no"
"Fort Walton Beach, FL","fort-walton-beach-fl","House cleaning","house-cleaning","1","yes","yes","no"
"Fort Walton Beach, FL","fort-walton-beach-fl","Landscaping","landscaping","1","yes","yes","no"
"Fort Walton Beach, FL","fort-walton-beach-fl","Tree service","tree-service","1","yes","yes","no"
"Fort Walton Beach, FL","fort-walton-beach-fl","Garage door repair","garage-door-repair","1","yes","yes","no"
"Fort Walton Beach, FL","fort-walton-beach-fl","Locksmith","locksmith","1","yes","yes","no"
"Fort Walton Beach, FL","fort-walton-beach-fl","Appliance repair","appliance-repair","1","yes","yes","no"
"Fort Walton Beach, FL","fort-walton-beach-fl","Movers","movers","1","yes","yes","no"
"Fort Walton Beach, FL","fort-walton-beach-fl","Handyman","handyman","1","yes","yes","no"
"Fort Walton Beach, FL","fort-walton-beach-fl","Painting","painting","1","yes","yes","no"
"Fort Walton Beach, FL","fort-walton-beach-fl","Pool service","pool-service","1","yes","yes","no"
"Fort Walton Beach, FL","fort-walton-beach-fl","Kitchen & bath remodeling","kitchen-bath-remodeling","1","yes","yes","no"
"Fort Walton Beach, FL","fort-walton-beach-fl","Flooring","flooring","1","yes","yes","no"
"Fort Walton Beach, FL","fort-walton-beach-fl","Towing","towing","1","yes","yes","no"
"Fort Walton Beach, FL","fort-walton-beach-fl","Auto body & collision","auto-body-collision","1","yes","yes","no"
"Fort Walton Beach, FL","fort-walton-beach-fl","Fence builders","fence-builders","1","yes","yes","no"
"Fort Walton Beach, FL","fort-walton-beach-fl","Junk removal","junk-removal","1","yes","yes","no"
"Fort Walton Beach, FL","fort-walton-beach-fl","Water damage & mold remediation","water-damage-mold-remediation","1","yes","yes","no"
"Fort Walton Beach, FL","fort-walton-beach-fl","Concrete & driveways","concrete","1","yes","yes","no"
"Fort Walton Beach, FL","fort-walton-beach-fl","Gutters","gutters","1","yes","yes","no"
"Fort Walton Beach, FL","fort-walton-beach-fl","Carpet cleaning","carpet-cleaning","1","yes","yes","no"
"Fort Walton Beach, FL","fort-walton-beach-fl","Pressure washing","pressure-washing","1","yes","yes","no"
"Fort Walton Beach, FL","fort-walton-beach-fl","Septic services","septic-services","1","yes","yes","no"
"Fort Walton Beach, FL","fort-walton-beach-fl","Pool installation","pool-installation","1","yes","yes","no"
"Fort Walton Beach, FL","fort-walton-beach-fl","Window tinting","window-tinting","1","yes","yes","no"
"Fort Walton Beach, FL","fort-walton-beach-fl","Generator installation","generator-installation","1","yes","yes","no"
"Fort Walton Beach, FL","fort-walton-beach-fl","Insulation","insulation","1","yes","yes","no"
"Fort Walton Beach, FL","fort-walton-beach-fl","Marine services","marine-services","1","yes","yes","no"
"Fort Walton Beach, FL","fort-walton-beach-fl","Screen enclosures & pool cages","screen-enclosures-pool-cages","1","yes","yes","no"
"Fort Walton Beach, FL","fort-walton-beach-fl","Hurricane shutters & impact windows","hurricane-shutters-impact-windows","1","yes","yes","no"
"Fort Walton Beach, FL","fort-walton-beach-fl","Trading card stores","trading-card-stores","1","yes","yes","no"
"Panama City Beach, FL","panama-city-beach-fl","HVAC","hvac","1","yes","yes","no"
"Panama City Beach, FL","panama-city-beach-fl","Plumbing","plumbing","1","yes","yes","no"
"Panama City Beach, FL","panama-city-beach-fl","Auto mechanics","auto-mechanics","1","yes","yes","no"
"Panama City Beach, FL","panama-city-beach-fl","Roofing","roofing","1","yes","yes","no"
"Panama City Beach, FL","panama-city-beach-fl","Electrical","electrical","1","yes","yes","no"
"Panama City Beach, FL","panama-city-beach-fl","Lawn care","lawn-care","1","yes","yes","no"
"Panama City Beach, FL","panama-city-beach-fl","Pest control","pest-control","1","yes","yes","no"
"Panama City Beach, FL","panama-city-beach-fl","House cleaning","house-cleaning","1","yes","yes","no"
"Panama City Beach, FL","panama-city-beach-fl","Landscaping","landscaping","1","yes","yes","no"
"Panama City Beach, FL","panama-city-beach-fl","Tree service","tree-service","1","yes","yes","no"
"Panama City Beach, FL","panama-city-beach-fl","Garage door repair","garage-door-repair","1","yes","yes","no"
"Panama City Beach, FL","panama-city-beach-fl","Locksmith","locksmith","1","yes","yes","no"
"Panama City Beach, FL","panama-city-beach-fl","Appliance repair","appliance-repair","1","yes","yes","no"
"Panama City Beach, FL","panama-city-beach-fl","Movers","movers","1","yes","yes","no"
"Panama City Beach, FL","panama-city-beach-fl","Handyman","handyman","1","yes","yes","no"
"Panama City Beach, FL","panama-city-beach-fl","Painting","painting","1","yes","yes","no"
"Panama City Beach, FL","panama-city-beach-fl","Pool service","pool-service","1","yes","yes","no"
"Panama City Beach, FL","panama-city-beach-fl","Kitchen & bath remodeling","kitchen-bath-remodeling","1","yes","yes","no"
"Panama City Beach, FL","panama-city-beach-fl","Flooring","flooring","1","yes","yes","no"
"Panama City Beach, FL","panama-city-beach-fl","Towing","towing","1","yes","yes","no"
"Panama City Beach, FL","panama-city-beach-fl","Auto body & collision","auto-body-collision","1","yes","yes","no"
"Panama City Beach, FL","panama-city-beach-fl","Fence builders","fence-builders","1","yes","yes","no"
"Panama City Beach, FL","panama-city-beach-fl","Junk removal","junk-removal","1","yes","yes","no"
"Panama City Beach, FL","panama-city-beach-fl","Water damage & mold remediation","water-damage-mold-remediation","1","yes","yes","no"
"Panama City Beach, FL","panama-city-beach-fl","Concrete & driveways","concrete","1","yes","yes","no"
"Panama City Beach, FL","panama-city-beach-fl","Gutters","gutters","1","yes","yes","no"
"Panama City Beach, FL","panama-city-beach-fl","Carpet cleaning","carpet-cleaning","1","yes","yes","no"
"Panama City Beach, FL","panama-city-beach-fl","Pressure washing","pressure-washing","1","yes","yes","no"
"Panama City Beach, FL","panama-city-beach-fl","Septic services","septic-services","1","yes","yes","no"
"Panama City Beach, FL","panama-city-beach-fl","Pool installation","pool-installation","1","yes","yes","no"
"Panama City Beach, FL","panama-city-beach-fl","Window tinting","window-tinting","1","yes","yes","no"
"Panama City Beach, FL","panama-city-beach-fl","Generator installation","generator-installation","1","yes","yes","no"
"Panama City Beach, FL","panama-city-beach-fl","Insulation","insulation","1","yes","yes","no"
"Panama City Beach, FL","panama-city-beach-fl","Marine services","marine-services","1","yes","yes","no"
"Panama City Beach, FL","panama-city-beach-fl","Screen enclosures & pool cages","screen-enclosures-pool-cages","1","yes","yes","no"
"Panama City Beach, FL","panama-city-beach-fl","Hurricane shutters & impact windows","hurricane-shutters-impact-windows","1","yes","yes","no"
"Panama City Beach, FL","panama-city-beach-fl","Trading card stores","trading-card-stores","1","yes","yes","no"
"Crestview, FL","crestview-fl","HVAC","hvac","1","yes","yes","no"
"Crestview, FL","crestview-fl","Plumbing","plumbing","1","yes","yes","no"
"Crestview, FL","crestview-fl","Auto mechanics","auto-mechanics","1","yes","yes","no"
"Crestview, FL","crestview-fl","Roofing","roofing","1","yes","yes","no"
"Crestview, FL","crestview-fl","Electrical","electrical","1","yes","yes","no"
"Crestview, FL","crestview-fl","Lawn care","lawn-care","1","yes","yes","no"
"Crestview, FL","crestview-fl","Pest control","pest-control","1","yes","yes","no"
"Crestview, FL","crestview-fl","House cleaning","house-cleaning","1","yes","yes","no"
"Crestview, FL","crestview-fl","Landscaping","landscaping","1","yes","yes","no"
"Crestview, FL","crestview-fl","Tree service","tree-service","1","yes","yes","no"
"Crestview, FL","crestview-fl","Garage door repair","garage-door-repair","1","yes","yes","no"
"Crestview, FL","crestview-fl","Locksmith","locksmith","1","yes","yes","no"
"Crestview, FL","crestview-fl","Appliance repair","appliance-repair","1","yes","yes","no"
"Crestview, FL","crestview-fl","Movers","movers","1","yes","yes","no"
"Crestview, FL","crestview-fl","Handyman","handyman","1","yes","yes","no"
"Crestview, FL","crestview-fl","Painting","painting","1","yes","yes","no"
"Crestview, FL","crestview-fl","Pool service","pool-service","1","yes","yes","no"
"Crestview, FL","crestview-fl","Kitchen & bath remodeling","kitchen-bath-remodeling","1","yes","yes","no"
"Crestview, FL","crestview-fl","Flooring","flooring","1","yes","yes","no"
"Crestview, FL","crestview-fl","Towing","towing","1","yes","yes","no"
"Crestview, FL","crestview-fl","Auto body & collision","auto-body-collision","1","yes","yes","no"
"Crestview, FL","crestview-fl","Fence builders","fence-builders","1","yes","yes","no"
"Crestview, FL","crestview-fl","Junk removal","junk-removal","1","yes","yes","no"
"Crestview, FL","crestview-fl","Water damage & mold remediation","water-damage-mold-remediation","1","yes","yes","no"
"Crestview, FL","crestview-fl","Concrete & driveways","concrete","1","yes","yes","no"
"Crestview, FL","crestview-fl","Gutters","gutters","1","yes","yes","no"
"Crestview, FL","crestview-fl","Carpet cleaning","carpet-cleaning","1","yes","yes","no"
"Crestview, FL","crestview-fl","Pressure washing","pressure-washing","1","yes","yes","no"
"Crestview, FL","crestview-fl","Septic services","septic-services","1","yes","yes","no"
"Crestview, FL","crestview-fl","Pool installation","pool-installation","1","yes","yes","no"
"Crestview, FL","crestview-fl","Window tinting","window-tinting","1","yes","yes","no"
"Crestview, FL","crestview-fl","Generator installation","generator-installation","1","yes","yes","no"
"Crestview, FL","crestview-fl","Insulation","insulation","1","yes","yes","no"
"Crestview, FL","crestview-fl","Marine services","marine-services","1","yes","yes","no"
"Crestview, FL","crestview-fl","Screen enclosures & pool cages","screen-enclosures-pool-cages","1","yes","yes","no"
"Crestview, FL","crestview-fl","Hurricane shutters & impact windows","hurricane-shutters-impact-windows","1","yes","yes","no"
"Crestview, FL","crestview-fl","Trading card stores","trading-card-stores","1","yes","yes","no"
"Milton, FL","milton-fl","HVAC","hvac","1","yes","yes","no"
"Milton, FL","milton-fl","Plumbing","plumbing","1","yes","yes","no"
"Milton, FL","milton-fl","Auto mechanics","auto-mechanics","1","yes","yes","no"
"Milton, FL","milton-fl","Roofing","roofing","1","yes","yes","no"
"Milton, FL","milton-fl","Electrical","electrical","1","yes","yes","no"
"Milton, FL","milton-fl","Lawn care","lawn-care","1","yes","yes","no"
"Milton, FL","milton-fl","Pest control","pest-control","1","yes","yes","no"
"Milton, FL","milton-fl","House cleaning","house-cleaning","1","yes","yes","no"
"Milton, FL","milton-fl","Landscaping","landscaping","1","yes","yes","no"
"Milton, FL","milton-fl","Tree service","tree-service","1","yes","yes","no"
"Milton, FL","milton-fl","Garage door repair","garage-door-repair","1","yes","yes","no"
"Milton, FL","milton-fl","Locksmith","locksmith","1","yes","yes","no"
"Milton, FL","milton-fl","Appliance repair","appliance-repair","1","yes","yes","no"
"Milton, FL","milton-fl","Movers","movers","1","yes","yes","no"
"Milton, FL","milton-fl","Handyman","handyman","1","yes","yes","no"
"Milton, FL","milton-fl","Painting","painting","1","yes","yes","no"
"Milton, FL","milton-fl","Pool service","pool-service","1","yes","yes","no"
"Milton, FL","milton-fl","Kitchen & bath remodeling","kitchen-bath-remodeling","1","yes","yes","no"
"Milton, FL","milton-fl","Flooring","flooring","1","yes","yes","no"
"Milton, FL","milton-fl","Towing","towing","1","yes","yes","no"
"Milton, FL","milton-fl","Auto body & collision","auto-body-collision","1","yes","yes","no"
"Milton, FL","milton-fl","Fence builders","fence-builders","1","yes","yes","no"
"Milton, FL","milton-fl","Junk removal","junk-removal","1","yes","yes","no"
"Milton, FL","milton-fl","Water damage & mold remediation","water-damage-mold-remediation","1","yes","yes","no"
"Milton, FL","milton-fl","Concrete & driveways","concrete","1","yes","yes","no"
"Milton, FL","milton-fl","Gutters","gutters","1","yes","yes","no"
"Milton, FL","milton-fl","Carpet cleaning","carpet-cleaning","1","yes","yes","no"
"Milton, FL","milton-fl","Pressure washing","pressure-washing","1","yes","yes","no"
"Milton, FL","milton-fl","Septic services","septic-services","1","yes","yes","no"
"Milton, FL","milton-fl","Pool installation","pool-installation","1","yes","yes","no"
"Milton, FL","milton-fl","Window tinting","window-tinting","1","yes","yes","no"
"Milton, FL","milton-fl","Generator installation","generator-installation","1","yes","yes","no"
"Milton, FL","milton-fl","Insulation","insulation","1","yes","yes","no"
"Milton, FL","milton-fl","Marine services","marine-services","1","yes","yes","no"
"Milton, FL","milton-fl","Screen enclosures & pool cages","screen-enclosures-pool-cages","1","yes","yes","no"
"Milton, FL","milton-fl","Hurricane shutters & impact windows","hurricane-shutters-impact-windows","1","yes","yes","no"
"Milton, FL","milton-fl","Trading card stores","trading-card-stores","1","yes","yes","no"
"Pace, FL","pace-fl","HVAC","hvac","1","yes","yes","no"
"Pace, FL","pace-fl","Plumbing","plumbing","1","yes","yes","no"
"Pace, FL","pace-fl","Auto mechanics","auto-mechanics","1","yes","yes","no"
"Pace, FL","pace-fl","Roofing","roofing","1","yes","yes","no"
"Pace, FL","pace-fl","Electrical","electrical","1","yes","yes","no"
"Pace, FL","pace-fl","Lawn care","lawn-care","1","yes","yes","no"
"Pace, FL","pace-fl","Pest control","pest-control","1","yes","yes","no"
"Pace, FL","pace-fl","House cleaning","house-cleaning","1","yes","yes","no"
"Pace, FL","pace-fl","Landscaping","landscaping","1","yes","yes","no"
"Pace, FL","pace-fl","Tree service","tree-service","1","yes","yes","no"
"Pace, FL","pace-fl","Garage door repair","garage-door-repair","1","yes","yes","no"
"Pace, FL","pace-fl","Locksmith","locksmith","1","yes","yes","no"
"Pace, FL","pace-fl","Appliance repair","appliance-repair","1","yes","yes","no"
"Pace, FL","pace-fl","Movers","movers","1","yes","yes","no"
"Pace, FL","pace-fl","Handyman","handyman","1","yes","yes","no"
"Pace, FL","pace-fl","Painting","painting","1","yes","yes","no"
"Pace, FL","pace-fl","Pool service","pool-service","1","yes","yes","no"
"Pace, FL","pace-fl","Kitchen & bath remodeling","kitchen-bath-remodeling","1","yes","yes","no"
"Pace, FL","pace-fl","Flooring","flooring","1","yes","yes","no"
"Pace, FL","pace-fl","Towing","towing","1","yes","yes","no"
"Pace, FL","pace-fl","Auto body & collision","auto-body-collision","1","yes","yes","no"
"Pace, FL","pace-fl","Fence builders","fence-builders","1","yes","yes","no"
"Pace, FL","pace-fl","Junk removal","junk-removal","1","yes","yes","no"
"Pace, FL","pace-fl","Water damage & mold remediation","water-damage-mold-remediation","1","yes","yes","no"
"Pace, FL","pace-fl","Concrete & driveways","concrete","1","yes","yes","no"
"Pace, FL","pace-fl","Gutters","gutters","1","yes","yes","no"
"Pace, FL","pace-fl","Carpet cleaning","carpet-cleaning","1","yes","yes","no"
"Pace, FL","pace-fl","Pressure washing","pressure-washing","1","yes","yes","no"
"Pace, FL","pace-fl","Septic services","septic-services","1","yes","yes","no"
"Pace, FL","pace-fl","Pool installation","pool-installation","1","yes","yes","no"
"Pace, FL","pace-fl","Window tinting","window-tinting","1","yes","yes","no"
"Pace, FL","pace-fl","Generator installation","generator-installation","1","yes","yes","no"
"Pace, FL","pace-fl","Insulation","insulation","1","yes","yes","no"
"Pace, FL","pace-fl","Marine services","marine-services","1","yes","yes","no"
"Pace, FL","pace-fl","Screen enclosures & pool cages","screen-enclosures-pool-cages","1","yes","yes","no"
"Pace, FL","pace-fl","Hurricane shutters & impact windows","hurricane-shutters-impact-windows","1","yes","yes","no"
"Pace, FL","pace-fl","Trading card stores","trading-card-stores","1","yes","yes","no"
"Gulf Shores, AL","gulf-shores-al","HVAC","hvac","1","yes","yes","no"
"Gulf Shores, AL","gulf-shores-al","Plumbing","plumbing","1","yes","yes","no"
"Gulf Shores, AL","gulf-shores-al","Auto mechanics","auto-mechanics","1","yes","yes","no"
"Gulf Shores, AL","gulf-shores-al","Roofing","roofing","1","yes","yes","no"
"Gulf Shores, AL","gulf-shores-al","Electrical","electrical","1","yes","yes","no"
"Gulf Shores, AL","gulf-shores-al","Lawn care","lawn-care","1","yes","yes","no"
"Gulf Shores, AL","gulf-shores-al","Pest control","pest-control","1","yes","yes","no"
"Gulf Shores, AL","gulf-shores-al","House cleaning","house-cleaning","1","yes","yes","no"
"Gulf Shores, AL","gulf-shores-al","Landscaping","landscaping","1","yes","yes","no"
"Gulf Shores, AL","gulf-shores-al","Tree service","tree-service","1","yes","yes","no"
"Gulf Shores, AL","gulf-shores-al","Garage door repair","garage-door-repair","1","yes","yes","no"
"Gulf Shores, AL","gulf-shores-al","Locksmith","locksmith","1","yes","yes","no"
"Gulf Shores, AL","gulf-shores-al","Appliance repair","appliance-repair","1","yes","yes","no"
"Gulf Shores, AL","gulf-shores-al","Movers","movers","1","yes","yes","no"
"Gulf Shores, AL","gulf-shores-al","Handyman","handyman","1","yes","yes","no"
"Gulf Shores, AL","gulf-shores-al","Painting","painting","1","yes","yes","no"
"Gulf Shores, AL","gulf-shores-al","Pool service","pool-service","1","yes","yes","no"
"Gulf Shores, AL","gulf-shores-al","Kitchen & bath remodeling","kitchen-bath-remodeling","1","yes","yes","no"
"Gulf Shores, AL","gulf-shores-al","Flooring","flooring","1","yes","yes","no"
"Gulf Shores, AL","gulf-shores-al","Towing","towing","1","yes","yes","no"
"Gulf Shores, AL","gulf-shores-al","Auto body & collision","auto-body-collision","1","yes","yes","no"
"Gulf Shores, AL","gulf-shores-al","Fence builders","fence-builders","1","yes","yes","no"
"Gulf Shores, AL","gulf-shores-al","Junk removal","junk-removal","1","yes","yes","no"
"Gulf Shores, AL","gulf-shores-al","Water damage & mold remediation","water-damage-mold-remediation","1","yes","yes","no"
"Gulf Shores, AL","gulf-shores-al","Concrete & driveways","concrete","1","yes","yes","no"
"Gulf Shores, AL","gulf-shores-al","Gutters","gutters","1","yes","yes","no"
"Gulf Shores, AL","gulf-shores-al","Carpet cleaning","carpet-cleaning","1","yes","yes","no"
"Gulf Shores, AL","gulf-shores-al","Pressure washing","pressure-washing","1","yes","yes","no"
"Gulf Shores, AL","gulf-shores-al","Septic services","septic-services","1","yes","yes","no"
"Gulf Shores, AL","gulf-shores-al","Pool installation","pool-installation","1","yes","yes","no"
"Gulf Shores, AL","gulf-shores-al","Window tinting","window-tinting","1","yes","yes","no"
"Gulf Shores, AL","gulf-shores-al","Generator installation","generator-installation","1","yes","yes","no"
"Gulf Shores, AL","gulf-shores-al","Insulation","insulation","1","yes","yes","no"
"Gulf Shores, AL","gulf-shores-al","Marine services","marine-services","1","yes","yes","no"
"Gulf Shores, AL","gulf-shores-al","Screen enclosures & pool cages","screen-enclosures-pool-cages","1","yes","yes","no"
"Gulf Shores, AL","gulf-shores-al","Hurricane shutters & impact windows","hurricane-shutters-impact-windows","1","yes","yes","no"
"Gulf Shores, AL","gulf-shores-al","Trading card stores","trading-card-stores","1","yes","yes","no"
"Foley, AL","foley-al","HVAC","hvac","1","yes","yes","no"
"Foley, AL","foley-al","Plumbing","plumbing","1","yes","yes","no"
"Foley, AL","foley-al","Auto mechanics","auto-mechanics","1","yes","yes","no"
"Foley, AL","foley-al","Roofing","roofing","1","yes","yes","no"
"Foley, AL","foley-al","Electrical","electrical","1","yes","yes","no"
"Foley, AL","foley-al","Lawn care","lawn-care","1","yes","yes","no"
"Foley, AL","foley-al","Pest control","pest-control","1","yes","yes","no"
"Foley, AL","foley-al","House cleaning","house-cleaning","1","yes","yes","no"
"Foley, AL","foley-al","Landscaping","landscaping","1","yes","yes","no"
"Foley, AL","foley-al","Tree service","tree-service","1","yes","yes","no"
"Foley, AL","foley-al","Garage door repair","garage-door-repair","1","yes","yes","no"
"Foley, AL","foley-al","Locksmith","locksmith","1","yes","yes","no"
"Foley, AL","foley-al","Appliance repair","appliance-repair","1","yes","yes","no"
"Foley, AL","foley-al","Movers","movers","1","yes","yes","no"
"Foley, AL","foley-al","Handyman","handyman","1","yes","yes","no"
"Foley, AL","foley-al","Painting","painting","1","yes","yes","no"
"Foley, AL","foley-al","Pool service","pool-service","1","yes","yes","no"
"Foley, AL","foley-al","Kitchen & bath remodeling","kitchen-bath-remodeling","1","yes","yes","no"
"Foley, AL","foley-al","Flooring","flooring","1","yes","yes","no"
"Foley, AL","foley-al","Towing","towing","1","yes","yes","no"
"Foley, AL","foley-al","Auto body & collision","auto-body-collision","1","yes","yes","no"
"Foley, AL","foley-al","Fence builders","fence-builders","1","yes","yes","no"
"Foley, AL","foley-al","Junk removal","junk-removal","1","yes","yes","no"
"Foley, AL","foley-al","Water damage & mold remediation","water-damage-mold-remediation","1","yes","yes","no"
"Foley, AL","foley-al","Concrete & driveways","concrete","1","yes","yes","no"
"Foley, AL","foley-al","Gutters","gutters","1","yes","yes","no"
"Foley, AL","foley-al","Carpet cleaning","carpet-cleaning","1","yes","yes","no"
"Foley, AL","foley-al","Pressure washing","pressure-washing","1","yes","yes","no"
"Foley, AL","foley-al","Septic services","septic-services","1","yes","yes","no"
"Foley, AL","foley-al","Pool installation","pool-installation","1","yes","yes","no"
"Foley, AL","foley-al","Window tinting","window-tinting","1","yes","yes","no"
"Foley, AL","foley-al","Generator installation","generator-installation","1","yes","yes","no"
"Foley, AL","foley-al","Insulation","insulation","1","yes","yes","no"
"Foley, AL","foley-al","Marine services","marine-services","1","yes","yes","no"
"Foley, AL","foley-al","Screen enclosures & pool cages","screen-enclosures-pool-cages","1","yes","yes","no"
"Foley, AL","foley-al","Hurricane shutters & impact windows","hurricane-shutters-impact-windows","1","yes","yes","no"
"Foley, AL","foley-al","Trading card stores","trading-card-stores","1","yes","yes","no"
"Fairhope, AL","fairhope-al","HVAC","hvac","1","yes","yes","no"
"Fairhope, AL","fairhope-al","Plumbing","plumbing","1","yes","yes","no"
"Fairhope, AL","fairhope-al","Auto mechanics","auto-mechanics","1","yes","yes","no"
"Fairhope, AL","fairhope-al","Roofing","roofing","1","yes","yes","no"
"Fairhope, AL","fairhope-al","Electrical","electrical","1","yes","yes","no"
"Fairhope, AL","fairhope-al","Lawn care","lawn-care","1","yes","yes","no"
"Fairhope, AL","fairhope-al","Pest control","pest-control","1","yes","yes","no"
"Fairhope, AL","fairhope-al","House cleaning","house-cleaning","1","yes","yes","no"
"Fairhope, AL","fairhope-al","Landscaping","landscaping","1","yes","yes","no"
"Fairhope, AL","fairhope-al","Tree service","tree-service","1","yes","yes","no"
"Fairhope, AL","fairhope-al","Garage door repair","garage-door-repair","1","yes","yes","no"
"Fairhope, AL","fairhope-al","Locksmith","locksmith","1","yes","yes","no"
"Fairhope, AL","fairhope-al","Appliance repair","appliance-repair","1","yes","yes","no"
"Fairhope, AL","fairhope-al","Movers","movers","1","yes","yes","no"
"Fairhope, AL","fairhope-al","Handyman","handyman","1","yes","yes","no"
"Fairhope, AL","fairhope-al","Painting","painting","1","yes","yes","no"
"Fairhope, AL","fairhope-al","Pool service","pool-service","1","yes","yes","no"
"Fairhope, AL","fairhope-al","Kitchen & bath remodeling","kitchen-bath-remodeling","1","yes","yes","no"
"Fairhope, AL","fairhope-al","Flooring","flooring","1","yes","yes","no"
"Fairhope, AL","fairhope-al","Towing","towing","1","yes","yes","no"
"Fairhope, AL","fairhope-al","Auto body & collision","auto-body-collision","1","yes","yes","no"
"Fairhope, AL","fairhope-al","Fence builders","fence-builders","1","yes","yes","no"
"Fairhope, AL","fairhope-al","Junk removal","junk-removal","1","yes","yes","no"
"Fairhope, AL","fairhope-al","Water damage & mold remediation","water-damage-mold-remediation","1","yes","yes","no"
"Fairhope, AL","fairhope-al","Concrete & driveways","concrete","1","yes","yes","no"
"Fairhope, AL","fairhope-al","Gutters","gutters","1","yes","yes","no"
"Fairhope, AL","fairhope-al","Carpet cleaning","carpet-cleaning","1","yes","yes","no"
"Fairhope, AL","fairhope-al","Pressure washing","pressure-washing","1","yes","yes","no"
"Fairhope, AL","fairhope-al","Septic services","septic-services","1","yes","yes","no"
"Fairhope, AL","fairhope-al","Pool installation","pool-installation","1","yes","yes","no"
"Fairhope, AL","fairhope-al","Window tinting","window-tinting","1","yes","yes","no"
"Fairhope, AL","fairhope-al","Generator installation","generator-installation","1","yes","yes","no"
"Fairhope, AL","fairhope-al","Insulation","insulation","1","yes","yes","no"
"Fairhope, AL","fairhope-al","Marine services","marine-services","1","yes","yes","no"
"Fairhope, AL","fairhope-al","Screen enclosures & pool cages","screen-enclosures-pool-cages","1","yes","yes","no"
"Fairhope, AL","fairhope-al","Hurricane shutters & impact windows","hurricane-shutters-impact-windows","1","yes","yes","no"
"Fairhope, AL","fairhope-al","Trading card stores","trading-card-stores","1","yes","yes","no"
"Daphne, AL","daphne-al","HVAC","hvac","1","yes","yes","no"
"Daphne, AL","daphne-al","Plumbing","plumbing","1","yes","yes","no"
"Daphne, AL","daphne-al","Auto mechanics","auto-mechanics","1","yes","yes","no"
"Daphne, AL","daphne-al","Roofing","roofing","1","yes","yes","no"
"Daphne, AL","daphne-al","Electrical","electrical","1","yes","yes","no"
"Daphne, AL","daphne-al","Lawn care","lawn-care","1","yes","yes","no"
"Daphne, AL","daphne-al","Pest control","pest-control","1","yes","yes","no"
"Daphne, AL","daphne-al","House cleaning","house-cleaning","1","yes","yes","no"
"Daphne, AL","daphne-al","Landscaping","landscaping","1","yes","yes","no"
"Daphne, AL","daphne-al","Tree service","tree-service","1","yes","yes","no"
"Daphne, AL","daphne-al","Garage door repair","garage-door-repair","1","yes","yes","no"
"Daphne, AL","daphne-al","Locksmith","locksmith","1","yes","yes","no"
"Daphne, AL","daphne-al","Appliance repair","appliance-repair","1","yes","yes","no"
"Daphne, AL","daphne-al","Movers","movers","1","yes","yes","no"
"Daphne, AL","daphne-al","Handyman","handyman","1","yes","yes","no"
"Daphne, AL","daphne-al","Painting","painting","1","yes","yes","no"
"Daphne, AL","daphne-al","Pool service","pool-service","1","yes","yes","no"
"Daphne, AL","daphne-al","Kitchen & bath remodeling","kitchen-bath-remodeling","1","yes","yes","no"
"Daphne, AL","daphne-al","Flooring","flooring","1","yes","yes","no"
"Daphne, AL","daphne-al","Towing","towing","1","yes","yes","no"
"Daphne, AL","daphne-al","Auto body & collision","auto-body-collision","1","yes","yes","no"
"Daphne, AL","daphne-al","Fence builders","fence-builders","1","yes","yes","no"
"Daphne, AL","daphne-al","Junk removal","junk-removal","1","yes","yes","no"
"Daphne, AL","daphne-al","Water damage & mold remediation","water-damage-mold-remediation","1","yes","yes","no"
"Daphne, AL","daphne-al","Concrete & driveways","concrete","1","yes","yes","no"
"Daphne, AL","daphne-al","Gutters","gutters","1","yes","yes","no"
"Daphne, AL","daphne-al","Carpet cleaning","carpet-cleaning","1","yes","yes","no"
"Daphne, AL","daphne-al","Pressure washing","pressure-washing","1","yes","yes","no"
"Daphne, AL","daphne-al","Septic services","septic-services","1","yes","yes","no"
"Daphne, AL","daphne-al","Pool installation","pool-installation","1","yes","yes","no"
"Daphne, AL","daphne-al","Window tinting","window-tinting","1","yes","yes","no"
"Daphne, AL","daphne-al","Generator installation","generator-installation","1","yes","yes","no"
"Daphne, AL","daphne-al","Insulation","insulation","1","yes","yes","no"
"Daphne, AL","daphne-al","Marine services","marine-services","1","yes","yes","no"
"Daphne, AL","daphne-al","Screen enclosures & pool cages","screen-enclosures-pool-cages","1","yes","yes","no"
"Daphne, AL","daphne-al","Hurricane shutters & impact windows","hurricane-shutters-impact-windows","1","yes","yes","no"
"Daphne, AL","daphne-al","Trading card stores","trading-card-stores","1","yes","yes","no"
"Biloxi, MS","biloxi-ms","HVAC","hvac","1","yes","yes","no"
"Biloxi, MS","biloxi-ms","Plumbing","plumbing","1","yes","yes","no"
"Biloxi, MS","biloxi-ms","Auto mechanics","auto-mechanics","1","yes","yes","no"
"Biloxi, MS","biloxi-ms","Roofing","roofing","1","yes","yes","no"
"Biloxi, MS","biloxi-ms","Electrical","electrical","1","yes","yes","no"
"Biloxi, MS","biloxi-ms","Lawn care","lawn-care","1","yes","yes","no"
"Biloxi, MS","biloxi-ms","Pest control","pest-control","1","yes","yes","no"
"Biloxi, MS","biloxi-ms","House cleaning","house-cleaning","1","yes","yes","no"
"Biloxi, MS","biloxi-ms","Landscaping","landscaping","1","yes","yes","no"
"Biloxi, MS","biloxi-ms","Tree service","tree-service","1","yes","yes","no"
"Biloxi, MS","biloxi-ms","Garage door repair","garage-door-repair","1","yes","yes","no"
"Biloxi, MS","biloxi-ms","Locksmith","locksmith","1","yes","yes","no"
"Biloxi, MS","biloxi-ms","Appliance repair","appliance-repair","1","yes","yes","no"
"Biloxi, MS","biloxi-ms","Movers","movers","1","yes","yes","no"
"Biloxi, MS","biloxi-ms","Handyman","handyman","1","yes","yes","no"
"Biloxi, MS","biloxi-ms","Painting","painting","1","yes","yes","no"
"Biloxi, MS","biloxi-ms","Pool service","pool-service","1","yes","yes","no"
"Biloxi, MS","biloxi-ms","Kitchen & bath remodeling","kitchen-bath-remodeling","1","yes","yes","no"
"Biloxi, MS","biloxi-ms","Flooring","flooring","1","yes","yes","no"
"Biloxi, MS","biloxi-ms","Towing","towing","1","yes","yes","no"
"Biloxi, MS","biloxi-ms","Auto body & collision","auto-body-collision","1","yes","yes","no"
"Biloxi, MS","biloxi-ms","Fence builders","fence-builders","1","yes","yes","no"
"Biloxi, MS","biloxi-ms","Junk removal","junk-removal","1","yes","yes","no"
"Biloxi, MS","biloxi-ms","Water damage & mold remediation","water-damage-mold-remediation","1","yes","yes","no"
"Biloxi, MS","biloxi-ms","Concrete & driveways","concrete","1","yes","yes","no"
"Biloxi, MS","biloxi-ms","Gutters","gutters","1","yes","yes","no"
"Biloxi, MS","biloxi-ms","Carpet cleaning","carpet-cleaning","1","yes","yes","no"
"Biloxi, MS","biloxi-ms","Pressure washing","pressure-washing","1","yes","yes","no"
"Biloxi, MS","biloxi-ms","Septic services","septic-services","1","yes","yes","no"
"Biloxi, MS","biloxi-ms","Pool installation","pool-installation","1","yes","yes","no"
"Biloxi, MS","biloxi-ms","Window tinting","window-tinting","1","yes","yes","no"
"Biloxi, MS","biloxi-ms","Generator installation","generator-installation","1","yes","yes","no"
"Biloxi, MS","biloxi-ms","Insulation","insulation","1","yes","yes","no"
"Biloxi, MS","biloxi-ms","Marine services","marine-services","1","yes","yes","no"
"Biloxi, MS","biloxi-ms","Screen enclosures & pool cages","screen-enclosures-pool-cages","1","yes","yes","no"
"Biloxi, MS","biloxi-ms","Hurricane shutters & impact windows","hurricane-shutters-impact-windows","1","yes","yes","no"
"Biloxi, MS","biloxi-ms","Trading card stores","trading-card-stores","1","yes","yes","no"
"Gulfport, MS","gulfport-ms","HVAC","hvac","1","yes","yes","no"
"Gulfport, MS","gulfport-ms","Plumbing","plumbing","1","yes","yes","no"
"Gulfport, MS","gulfport-ms","Auto mechanics","auto-mechanics","1","yes","yes","no"
"Gulfport, MS","gulfport-ms","Roofing","roofing","1","yes","yes","no"
"Gulfport, MS","gulfport-ms","Electrical","electrical","1","yes","yes","no"
"Gulfport, MS","gulfport-ms","Lawn care","lawn-care","1","yes","yes","no"
"Gulfport, MS","gulfport-ms","Pest control","pest-control","1","yes","yes","no"
"Gulfport, MS","gulfport-ms","House cleaning","house-cleaning","1","yes","yes","no"
"Gulfport, MS","gulfport-ms","Landscaping","landscaping","1","yes","yes","no"
"Gulfport, MS","gulfport-ms","Tree service","tree-service","1","yes","yes","no"
"Gulfport, MS","gulfport-ms","Garage door repair","garage-door-repair","1","yes","yes","no"
"Gulfport, MS","gulfport-ms","Locksmith","locksmith","1","yes","yes","no"
"Gulfport, MS","gulfport-ms","Appliance repair","appliance-repair","1","yes","yes","no"
"Gulfport, MS","gulfport-ms","Movers","movers","1","yes","yes","no"
"Gulfport, MS","gulfport-ms","Handyman","handyman","1","yes","yes","no"
"Gulfport, MS","gulfport-ms","Painting","painting","1","yes","yes","no"
"Gulfport, MS","gulfport-ms","Pool service","pool-service","1","yes","yes","no"
"Gulfport, MS","gulfport-ms","Kitchen & bath remodeling","kitchen-bath-remodeling","1","yes","yes","no"
"Gulfport, MS","gulfport-ms","Flooring","flooring","1","yes","yes","no"
"Gulfport, MS","gulfport-ms","Towing","towing","1","yes","yes","no"
"Gulfport, MS","gulfport-ms","Auto body & collision","auto-body-collision","1","yes","yes","no"
"Gulfport, MS","gulfport-ms","Fence builders","fence-builders","1","yes","yes","no"
"Gulfport, MS","gulfport-ms","Junk removal","junk-removal","1","yes","yes","no"
"Gulfport, MS","gulfport-ms","Water damage & mold remediation","water-damage-mold-remediation","1","yes","yes","no"
"Gulfport, MS","gulfport-ms","Concrete & driveways","concrete","1","yes","yes","no"
"Gulfport, MS","gulfport-ms","Gutters","gutters","1","yes","yes","no"
"Gulfport, MS","gulfport-ms","Carpet cleaning","carpet-cleaning","1","yes","yes","no"
"Gulfport, MS","gulfport-ms","Pressure washing","pressure-washing","1","yes","yes","no"
"Gulfport, MS","gulfport-ms","Septic services","septic-services","1","yes","yes","no"
"Gulfport, MS","gulfport-ms","Pool installation","pool-installation","1","yes","yes","no"
"Gulfport, MS","gulfport-ms","Window tinting","window-tinting","1","yes","yes","no"
"Gulfport, MS","gulfport-ms","Generator installation","generator-installation","1","yes","yes","no"
"Gulfport, MS","gulfport-ms","Insulation","insulation","1","yes","yes","no"
"Gulfport, MS","gulfport-ms","Marine services","marine-services","1","yes","yes","no"
"Gulfport, MS","gulfport-ms","Screen enclosures & pool cages","screen-enclosures-pool-cages","1","yes","yes","no"
"Gulfport, MS","gulfport-ms","Hurricane shutters & impact windows","hurricane-shutters-impact-windows","1","yes","yes","no"
"Gulfport, MS","gulfport-ms","Trading card stores","trading-card-stores","1","yes","yes","no"
"New Orleans, LA","new-orleans-la","HVAC","hvac","1","yes","yes","no"
"New Orleans, LA","new-orleans-la","Plumbing","plumbing","1","yes","yes","no"
"New Orleans, LA","new-orleans-la","Auto mechanics","auto-mechanics","1","yes","yes","no"
"New Orleans, LA","new-orleans-la","Roofing","roofing","1","yes","yes","no"
"New Orleans, LA","new-orleans-la","Electrical","electrical","1","yes","yes","no"
"New Orleans, LA","new-orleans-la","Lawn care","lawn-care","1","yes","yes","no"
"New Orleans, LA","new-orleans-la","Pest control","pest-control","1","yes","yes","no"
"New Orleans, LA","new-orleans-la","House cleaning","house-cleaning","1","yes","yes","no"
"New Orleans, LA","new-orleans-la","Landscaping","landscaping","1","yes","yes","no"
"New Orleans, LA","new-orleans-la","Tree service","tree-service","1","yes","yes","no"
"New Orleans, LA","new-orleans-la","Garage door repair","garage-door-repair","1","yes","yes","no"
"New Orleans, LA","new-orleans-la","Locksmith","locksmith","1","yes","yes","no"
"New Orleans, LA","new-orleans-la","Appliance repair","appliance-repair","1","yes","yes","no"
"New Orleans, LA","new-orleans-la","Movers","movers","1","yes","yes","no"
"New Orleans, LA","new-orleans-la","Handyman","handyman","1","yes","yes","no"
"New Orleans, LA","new-orleans-la","Painting","painting","1","yes","yes","no"
"New Orleans, LA","new-orleans-la","Pool service","pool-service","1","yes","yes","no"
"New Orleans, LA","new-orleans-la","Kitchen & bath remodeling","kitchen-bath-remodeling","1","yes","yes","no"
"New Orleans, LA","new-orleans-la","Flooring","flooring","1","yes","yes","no"
"New Orleans, LA","new-orleans-la","Towing","towing","1","yes","yes","no"
"New Orleans, LA","new-orleans-la","Auto body & collision","auto-body-collision","1","yes","yes","no"
"New Orleans, LA","new-orleans-la","Fence builders","fence-builders","1","yes","yes","no"
"New Orleans, LA","new-orleans-la","Junk removal","junk-removal","1","yes","yes","no"
"New Orleans, LA","new-orleans-la","Water damage & mold remediation","water-damage-mold-remediation","1","yes","yes","no"
"New Orleans, LA","new-orleans-la","Concrete & driveways","concrete","1","yes","yes","no"
"New Orleans, LA","new-orleans-la","Gutters","gutters","1","yes","yes","no"
"New Orleans, LA","new-orleans-la","Carpet cleaning","carpet-cleaning","1","yes","yes","no"
"New Orleans, LA","new-orleans-la","Pressure washing","pressure-washing","1","yes","yes","no"
"New Orleans, LA","new-orleans-la","Septic services","septic-services","1","yes","yes","no"
"New Orleans, LA","new-orleans-la","Pool installation","pool-installation","1","yes","yes","no"
"New Orleans, LA","new-orleans-la","Window tinting","window-tinting","1","yes","yes","no"
"New Orleans, LA","new-orleans-la","Generator installation","generator-installation","1","yes","yes","no"
"New Orleans, LA","new-orleans-la","Insulation","insulation","1","yes","yes","no"
"New Orleans, LA","new-orleans-la","Marine services","marine-services","1","yes","yes","no"
"New Orleans, LA","new-orleans-la","Screen enclosures & pool cages","screen-enclosures-pool-cages","1","yes","yes","no"
"New Orleans, LA","new-orleans-la","Hurricane shutters & impact windows","hurricane-shutters-impact-windows","1","yes","yes","no"
"New Orleans, LA","new-orleans-la","Trading card stores","trading-card-stores","1","yes","yes","no"
"Baton Rouge, LA","baton-rouge-la","HVAC","hvac","1","yes","yes","no"
"Baton Rouge, LA","baton-rouge-la","Plumbing","plumbing","1","yes","yes","no"
"Baton Rouge, LA","baton-rouge-la","Auto mechanics","auto-mechanics","1","yes","yes","no"
"Baton Rouge, LA","baton-rouge-la","Roofing","roofing","1","yes","yes","no"
"Baton Rouge, LA","baton-rouge-la","Electrical","electrical","1","yes","yes","no"
"Baton Rouge, LA","baton-rouge-la","Lawn care","lawn-care","1","yes","yes","no"
"Baton Rouge, LA","baton-rouge-la","Pest control","pest-control","1","yes","yes","no"
"Baton Rouge, LA","baton-rouge-la","House cleaning","house-cleaning","1","yes","yes","no"
"Baton Rouge, LA","baton-rouge-la","Landscaping","landscaping","1","yes","yes","no"
"Baton Rouge, LA","baton-rouge-la","Tree service","tree-service","1","yes","yes","no"
"Baton Rouge, LA","baton-rouge-la","Garage door repair","garage-door-repair","1","yes","yes","no"
"Baton Rouge, LA","baton-rouge-la","Locksmith","locksmith","1","yes","yes","no"
"Baton Rouge, LA","baton-rouge-la","Appliance repair","appliance-repair","1","yes","yes","no"
"Baton Rouge, LA","baton-rouge-la","Movers","movers","1","yes","yes","no"
"Baton Rouge, LA","baton-rouge-la","Handyman","handyman","1","yes","yes","no"
"Baton Rouge, LA","baton-rouge-la","Painting","painting","1","yes","yes","no"
"Baton Rouge, LA","baton-rouge-la","Pool service","pool-service","1","yes","yes","no"
"Baton Rouge, LA","baton-rouge-la","Kitchen & bath remodeling","kitchen-bath-remodeling","1","yes","yes","no"
"Baton Rouge, LA","baton-rouge-la","Flooring","flooring","1","yes","yes","no"
"Baton Rouge, LA","baton-rouge-la","Towing","towing","1","yes","yes","no"
"Baton Rouge, LA","baton-rouge-la","Auto body & collision","auto-body-collision","1","yes","yes","no"
"Baton Rouge, LA","baton-rouge-la","Fence builders","fence-builders","1","yes","yes","no"
"Baton Rouge, LA","baton-rouge-la","Junk removal","junk-removal","1","yes","yes","no"
"Baton Rouge, LA","baton-rouge-la","Water damage & mold remediation","water-damage-mold-remediation","1","yes","yes","no"
"Baton Rouge, LA","baton-rouge-la","Concrete & driveways","concrete","1","yes","yes","no"
"Baton Rouge, LA","baton-rouge-la","Gutters","gutters","1","yes","yes","no"
"Baton Rouge, LA","baton-rouge-la","Carpet cleaning","carpet-cleaning","1","yes","yes","no"
"Baton Rouge, LA","baton-rouge-la","Pressure washing","pressure-washing","1","yes","yes","no"
"Baton Rouge, LA","baton-rouge-la","Septic services","septic-services","1","yes","yes","no"
"Baton Rouge, LA","baton-rouge-la","Pool installation","pool-installation","1","yes","yes","no"
"Baton Rouge, LA","baton-rouge-la","Window tinting","window-tinting","1","yes","yes","no"
"Baton Rouge, LA","baton-rouge-la","Generator installation","generator-installation","1","yes","yes","no"
"Baton Rouge, LA","baton-rouge-la","Insulation","insulation","1","yes","yes","no"
"Baton Rouge, LA","baton-rouge-la","Marine services","marine-services","1","yes","yes","no"
"Baton Rouge, LA","baton-rouge-la","Screen enclosures & pool cages","screen-enclosures-pool-cages","1","yes","yes","no"
"Baton Rouge, LA","baton-rouge-la","Hurricane shutters & impact windows","hurricane-shutters-impact-windows","1","yes","yes","no"
"Baton Rouge, LA","baton-rouge-la","Trading card stores","trading-card-stores","1","yes","yes","no"
"Tallahassee, FL","tallahassee-fl","HVAC","hvac","1","yes","yes","no"
"Tallahassee, FL","tallahassee-fl","Plumbing","plumbing","1","yes","yes","no"
"Tallahassee, FL","tallahassee-fl","Auto mechanics","auto-mechanics","1","yes","yes","no"
"Tallahassee, FL","tallahassee-fl","Roofing","roofing","1","yes","yes","no"
"Tallahassee, FL","tallahassee-fl","Electrical","electrical","1","yes","yes","no"
"Tallahassee, FL","tallahassee-fl","Lawn care","lawn-care","1","yes","yes","no"
"Tallahassee, FL","tallahassee-fl","Pest control","pest-control","1","yes","yes","no"
"Tallahassee, FL","tallahassee-fl","House cleaning","house-cleaning","1","yes","yes","no"
"Tallahassee, FL","tallahassee-fl","Landscaping","landscaping","1","yes","yes","no"
"Tallahassee, FL","tallahassee-fl","Tree service","tree-service","1","yes","yes","no"
"Tallahassee, FL","tallahassee-fl","Garage door repair","garage-door-repair","1","yes","yes","no"
"Tallahassee, FL","tallahassee-fl","Locksmith","locksmith","1","yes","yes","no"
"Tallahassee, FL","tallahassee-fl","Appliance repair","appliance-repair","1","yes","yes","no"
"Tallahassee, FL","tallahassee-fl","Movers","movers","1","yes","yes","no"
"Tallahassee, FL","tallahassee-fl","Handyman","handyman","1","yes","yes","no"
"Tallahassee, FL","tallahassee-fl","Painting","painting","1","yes","yes","no"
"Tallahassee, FL","tallahassee-fl","Pool service","pool-service","1","yes","yes","no"
"Tallahassee, FL","tallahassee-fl","Kitchen & bath remodeling","kitchen-bath-remodeling","1","yes","yes","no"
"Tallahassee, FL","tallahassee-fl","Flooring","flooring","1","yes","yes","no"
"Tallahassee, FL","tallahassee-fl","Towing","towing","1","yes","yes","no"
"Tallahassee, FL","tallahassee-fl","Auto body & collision","auto-body-collision","1","yes","yes","no"
"Tallahassee, FL","tallahassee-fl","Fence builders","fence-builders","1","yes","yes","no"
"Tallahassee, FL","tallahassee-fl","Junk removal","junk-removal","1","yes","yes","no"
"Tallahassee, FL","tallahassee-fl","Water damage & mold remediation","water-damage-mold-remediation","1","yes","yes","no"
"Tallahassee, FL","tallahassee-fl","Concrete & driveways","concrete","1","yes","yes","no"
"Tallahassee, FL","tallahassee-fl","Gutters","gutters","1","yes","yes","no"
"Tallahassee, FL","tallahassee-fl","Carpet cleaning","carpet-cleaning","1","yes","yes","no"
"Tallahassee, FL","tallahassee-fl","Pressure washing","pressure-washing","1","yes","yes","no"
"Tallahassee, FL","tallahassee-fl","Septic services","septic-services","1","yes","yes","no"
"Tallahassee, FL","tallahassee-fl","Pool installation","pool-installation","1","yes","yes","no"
"Tallahassee, FL","tallahassee-fl","Window tinting","window-tinting","1","yes","yes","no"
"Tallahassee, FL","tallahassee-fl","Generator installation","generator-installation","1","yes","yes","no"
"Tallahassee, FL","tallahassee-fl","Insulation","insulation","1","yes","yes","no"
"Tallahassee, FL","tallahassee-fl","Marine services","marine-services","1","yes","yes","no"
"Tallahassee, FL","tallahassee-fl","Screen enclosures & pool cages","screen-enclosures-pool-cages","1","yes","yes","no"
"Tallahassee, FL","tallahassee-fl","Hurricane shutters & impact windows","hurricane-shutters-impact-windows","1","yes","yes","no"
"Tallahassee, FL","tallahassee-fl","Trading card stores","trading-card-stores","1","yes","yes","no"
"Jacksonville, FL","jacksonville-fl","HVAC","hvac","1","yes","yes","no"
"Jacksonville, FL","jacksonville-fl","Plumbing","plumbing","1","yes","yes","no"
"Jacksonville, FL","jacksonville-fl","Auto mechanics","auto-mechanics","1","yes","yes","no"
"Jacksonville, FL","jacksonville-fl","Roofing","roofing","1","yes","yes","no"
"Jacksonville, FL","jacksonville-fl","Electrical","electrical","1","yes","yes","no"
"Jacksonville, FL","jacksonville-fl","Lawn care","lawn-care","1","yes","yes","no"
"Jacksonville, FL","jacksonville-fl","Pest control","pest-control","1","yes","yes","no"
"Jacksonville, FL","jacksonville-fl","House cleaning","house-cleaning","1","yes","yes","no"
"Jacksonville, FL","jacksonville-fl","Landscaping","landscaping","1","yes","yes","no"
"Jacksonville, FL","jacksonville-fl","Tree service","tree-service","1","yes","yes","no"
"Jacksonville, FL","jacksonville-fl","Garage door repair","garage-door-repair","1","yes","yes","no"
"Jacksonville, FL","jacksonville-fl","Locksmith","locksmith","1","yes","yes","no"
"Jacksonville, FL","jacksonville-fl","Appliance repair","appliance-repair","1","yes","yes","no"
"Jacksonville, FL","jacksonville-fl","Movers","movers","1","yes","yes","no"
"Jacksonville, FL","jacksonville-fl","Handyman","handyman","1","yes","yes","no"
"Jacksonville, FL","jacksonville-fl","Painting","painting","1","yes","yes","no"
"Jacksonville, FL","jacksonville-fl","Pool service","pool-service","1","yes","yes","no"
"Jacksonville, FL","jacksonville-fl","Kitchen & bath remodeling","kitchen-bath-remodeling","1","yes","yes","no"
"Jacksonville, FL","jacksonville-fl","Flooring","flooring","1","yes","yes","no"
"Jacksonville, FL","jacksonville-fl","Towing","towing","1","yes","yes","no"
"Jacksonville, FL","jacksonville-fl","Auto body & collision","auto-body-collision","1","yes","yes","no"
"Jacksonville, FL","jacksonville-fl","Fence builders","fence-builders","1","yes","yes","no"
"Jacksonville, FL","jacksonville-fl","Junk removal","junk-removal","1","yes","yes","no"
"Jacksonville, FL","jacksonville-fl","Water damage & mold remediation","water-damage-mold-remediation","1","yes","yes","no"
"Jacksonville, FL","jacksonville-fl","Concrete & driveways","concrete","1","yes","yes","no"
"Jacksonville, FL","jacksonville-fl","Gutters","gutters","1","yes","yes","no"
"Jacksonville, FL","jacksonville-fl","Carpet cleaning","carpet-cleaning","1","yes","yes","no"
"Jacksonville, FL","jacksonville-fl","Pressure washing","pressure-washing","1","yes","yes","no"
"Jacksonville, FL","jacksonville-fl","Septic services","septic-services","1","yes","yes","no"
"Jacksonville, FL","jacksonville-fl","Pool installation","pool-installation","1","yes","yes","no"
"Jacksonville, FL","jacksonville-fl","Window tinting","window-tinting","1","yes","yes","no"
"Jacksonville, FL","jacksonville-fl","Generator installation","generator-installation","1","yes","yes","no"
"Jacksonville, FL","jacksonville-fl","Insulation","insulation","1","yes","yes","no"
"Jacksonville, FL","jacksonville-fl","Marine services","marine-services","1","yes","yes","no"
"Jacksonville, FL","jacksonville-fl","Screen enclosures & pool cages","screen-enclosures-pool-cages","1","yes","yes","no"
"Jacksonville, FL","jacksonville-fl","Hurricane shutters & impact windows","hurricane-shutters-impact-windows","1","yes","yes","no"
"Jacksonville, FL","jacksonville-fl","Trading card stores","trading-card-stores","1","yes","yes","no"
"Orlando, FL","orlando-fl","HVAC","hvac","1","yes","yes","no"
"Orlando, FL","orlando-fl","Plumbing","plumbing","1","yes","yes","no"
"Orlando, FL","orlando-fl","Auto mechanics","auto-mechanics","1","yes","yes","no"
"Orlando, FL","orlando-fl","Roofing","roofing","1","yes","yes","no"
"Orlando, FL","orlando-fl","Electrical","electrical","1","yes","yes","no"
"Orlando, FL","orlando-fl","Lawn care","lawn-care","1","yes","yes","no"
"Orlando, FL","orlando-fl","Pest control","pest-control","1","yes","yes","no"
"Orlando, FL","orlando-fl","House cleaning","house-cleaning","1","yes","yes","no"
"Orlando, FL","orlando-fl","Landscaping","landscaping","1","yes","yes","no"
"Orlando, FL","orlando-fl","Tree service","tree-service","1","yes","yes","no"
"Orlando, FL","orlando-fl","Garage door repair","garage-door-repair","1","yes","yes","no"
"Orlando, FL","orlando-fl","Locksmith","locksmith","1","yes","yes","no"
"Orlando, FL","orlando-fl","Appliance repair","appliance-repair","1","yes","yes","no"
"Orlando, FL","orlando-fl","Movers","movers","1","yes","yes","no"
"Orlando, FL","orlando-fl","Handyman","handyman","1","yes","yes","no"
"Orlando, FL","orlando-fl","Painting","painting","1","yes","yes","no"
"Orlando, FL","orlando-fl","Pool service","pool-service","1","yes","yes","no"
"Orlando, FL","orlando-fl","Kitchen & bath remodeling","kitchen-bath-remodeling","1","yes","yes","no"
"Orlando, FL","orlando-fl","Flooring","flooring","1","yes","yes","no"
"Orlando, FL","orlando-fl","Towing","towing","1","yes","yes","no"
"Orlando, FL","orlando-fl","Auto body & collision","auto-body-collision","1","yes","yes","no"
"Orlando, FL","orlando-fl","Fence builders","fence-builders","1","yes","yes","no"
"Orlando, FL","orlando-fl","Junk removal","junk-removal","1","yes","yes","no"
"Orlando, FL","orlando-fl","Water damage & mold remediation","water-damage-mold-remediation","1","yes","yes","no"
"Orlando, FL","orlando-fl","Concrete & driveways","concrete","1","yes","yes","no"
"Orlando, FL","orlando-fl","Gutters","gutters","1","yes","yes","no"
"Orlando, FL","orlando-fl","Carpet cleaning","carpet-cleaning","1","yes","yes","no"
"Orlando, FL","orlando-fl","Pressure washing","pressure-washing","1","yes","yes","no"
"Orlando, FL","orlando-fl","Septic services","septic-services","1","yes","yes","no"
"Orlando, FL","orlando-fl","Pool installation","pool-installation","1","yes","yes","no"
"Orlando, FL","orlando-fl","Window tinting","window-tinting","1","yes","yes","no"
"Orlando, FL","orlando-fl","Generator installation","generator-installation","1","yes","yes","no"
"Orlando, FL","orlando-fl","Insulation","insulation","1","yes","yes","no"
"Orlando, FL","orlando-fl","Marine services","marine-services","1","yes","yes","no"
"Orlando, FL","orlando-fl","Screen enclosures & pool cages","screen-enclosures-pool-cages","1","yes","yes","no"
"Orlando, FL","orlando-fl","Hurricane shutters & impact windows","hurricane-shutters-impact-windows","1","yes","yes","no"
"Orlando, FL","orlando-fl","Trading card stores","trading-card-stores","1","yes","yes","no"
"St. Petersburg, FL","st-petersburg-fl","HVAC","hvac","1","yes","yes","no"
"St. Petersburg, FL","st-petersburg-fl","Plumbing","plumbing","1","yes","yes","no"
"St. Petersburg, FL","st-petersburg-fl","Auto mechanics","auto-mechanics","1","yes","yes","no"
"St. Petersburg, FL","st-petersburg-fl","Roofing","roofing","1","yes","yes","no"
"St. Petersburg, FL","st-petersburg-fl","Electrical","electrical","1","yes","yes","no"
"St. Petersburg, FL","st-petersburg-fl","Lawn care","lawn-care","1","yes","yes","no"
"St. Petersburg, FL","st-petersburg-fl","Pest control","pest-control","1","yes","yes","no"
"St. Petersburg, FL","st-petersburg-fl","House cleaning","house-cleaning","1","yes","yes","no"
"St. Petersburg, FL","st-petersburg-fl","Landscaping","landscaping","1","yes","yes","no"
"St. Petersburg, FL","st-petersburg-fl","Tree service","tree-service","1","yes","yes","no"
"St. Petersburg, FL","st-petersburg-fl","Garage door repair","garage-door-repair","1","yes","yes","no"
"St. Petersburg, FL","st-petersburg-fl","Locksmith","locksmith","1","yes","yes","no"
"St. Petersburg, FL","st-petersburg-fl","Appliance repair","appliance-repair","1","yes","yes","no"
"St. Petersburg, FL","st-petersburg-fl","Movers","movers","1","yes","yes","no"
"St. Petersburg, FL","st-petersburg-fl","Handyman","handyman","1","yes","yes","no"
"St. Petersburg, FL","st-petersburg-fl","Painting","painting","1","yes","yes","no"
"St. Petersburg, FL","st-petersburg-fl","Pool service","pool-service","1","yes","yes","no"
"St. Petersburg, FL","st-petersburg-fl","Kitchen & bath remodeling","kitchen-bath-remodeling","1","yes","yes","no"
"St. Petersburg, FL","st-petersburg-fl","Flooring","flooring","1","yes","yes","no"
"St. Petersburg, FL","st-petersburg-fl","Towing","towing","1","yes","yes","no"
"St. Petersburg, FL","st-petersburg-fl","Auto body & collision","auto-body-collision","1","yes","yes","no"
"St. Petersburg, FL","st-petersburg-fl","Fence builders","fence-builders","1","yes","yes","no"
"St. Petersburg, FL","st-petersburg-fl","Junk removal","junk-removal","1","yes","yes","no"
"St. Petersburg, FL","st-petersburg-fl","Water damage & mold remediation","water-damage-mold-remediation","1","yes","yes","no"
"St. Petersburg, FL","st-petersburg-fl","Concrete & driveways","concrete","1","yes","yes","no"
"St. Petersburg, FL","st-petersburg-fl","Gutters","gutters","1","yes","yes","no"
"St. Petersburg, FL","st-petersburg-fl","Carpet cleaning","carpet-cleaning","1","yes","yes","no"
"St. Petersburg, FL","st-petersburg-fl","Pressure washing","pressure-washing","1","yes","yes","no"
"St. Petersburg, FL","st-petersburg-fl","Septic services","septic-services","1","yes","yes","no"
"St. Petersburg, FL","st-petersburg-fl","Pool installation","pool-installation","1","yes","yes","no"
"St. Petersburg, FL","st-petersburg-fl","Window tinting","window-tinting","1","yes","yes","no"
"St. Petersburg, FL","st-petersburg-fl","Generator installation","generator-installation","1","yes","yes","no"
"St. Petersburg, FL","st-petersburg-fl","Insulation","insulation","1","yes","yes","no"
"St. Petersburg, FL","st-petersburg-fl","Marine services","marine-services","1","yes","yes","no"
"St. Petersburg, FL","st-petersburg-fl","Screen enclosures & pool cages","screen-enclosures-pool-cages","1","yes","yes","no"
"St. Petersburg, FL","st-petersburg-fl","Hurricane shutters & impact windows","hurricane-shutters-impact-windows","1","yes","yes","no"
"St. Petersburg, FL","st-petersburg-fl","Trading card stores","trading-card-stores","1","yes","yes","no"
"Clearwater, FL","clearwater-fl","HVAC","hvac","1","yes","yes","no"
"Clearwater, FL","clearwater-fl","Plumbing","plumbing","1","yes","yes","no"
"Clearwater, FL","clearwater-fl","Auto mechanics","auto-mechanics","1","yes","yes","no"
"Clearwater, FL","clearwater-fl","Roofing","roofing","1","yes","yes","no"
"Clearwater, FL","clearwater-fl","Electrical","electrical","1","yes","yes","no"
"Clearwater, FL","clearwater-fl","Lawn care","lawn-care","1","yes","yes","no"
"Clearwater, FL","clearwater-fl","Pest control","pest-control","1","yes","yes","no"
"Clearwater, FL","clearwater-fl","House cleaning","house-cleaning","1","yes","yes","no"
"Clearwater, FL","clearwater-fl","Landscaping","landscaping","1","yes","yes","no"
"Clearwater, FL","clearwater-fl","Tree service","tree-service","1","yes","yes","no"
"Clearwater, FL","clearwater-fl","Garage door repair","garage-door-repair","1","yes","yes","no"
"Clearwater, FL","clearwater-fl","Locksmith","locksmith","1","yes","yes","no"
"Clearwater, FL","clearwater-fl","Appliance repair","appliance-repair","1","yes","yes","no"
"Clearwater, FL","clearwater-fl","Movers","movers","1","yes","yes","no"
"Clearwater, FL","clearwater-fl","Handyman","handyman","1","yes","yes","no"
"Clearwater, FL","clearwater-fl","Painting","painting","1","yes","yes","no"
"Clearwater, FL","clearwater-fl","Pool service","pool-service","1","yes","yes","no"
"Clearwater, FL","clearwater-fl","Kitchen & bath remodeling","kitchen-bath-remodeling","1","yes","yes","no"
"Clearwater, FL","clearwater-fl","Flooring","flooring","1","yes","yes","no"
"Clearwater, FL","clearwater-fl","Towing","towing","1","yes","yes","no"
"Clearwater, FL","clearwater-fl","Auto body & collision","auto-body-collision","1","yes","yes","no"
"Clearwater, FL","clearwater-fl","Fence builders","fence-builders","1","yes","yes","no"
"Clearwater, FL","clearwater-fl","Junk removal","junk-removal","1","yes","yes","no"
"Clearwater, FL","clearwater-fl","Water damage & mold remediation","water-damage-mold-remediation","1","yes","yes","no"
"Clearwater, FL","clearwater-fl","Concrete & driveways","concrete","1","yes","yes","no"
"Clearwater, FL","clearwater-fl","Gutters","gutters","1","yes","yes","no"
"Clearwater, FL","clearwater-fl","Carpet cleaning","carpet-cleaning","1","yes","yes","no"
"Clearwater, FL","clearwater-fl","Pressure washing","pressure-washing","1","yes","yes","no"
"Clearwater, FL","clearwater-fl","Septic services","septic-services","1","yes","yes","no"
"Clearwater, FL","clearwater-fl","Pool installation","pool-installation","1","yes","yes","no"
"Clearwater, FL","clearwater-fl","Window tinting","window-tinting","1","yes","yes","no"
"Clearwater, FL","clearwater-fl","Generator installation","generator-installation","1","yes","yes","no"
"Clearwater, FL","clearwater-fl","Insulation","insulation","1","yes","yes","no"
"Clearwater, FL","clearwater-fl","Marine services","marine-services","1","yes","yes","no"
"Clearwater, FL","clearwater-fl","Screen enclosures & pool cages","screen-enclosures-pool-cages","1","yes","yes","no"
"Clearwater, FL","clearwater-fl","Hurricane shutters & impact windows","hurricane-shutters-impact-windows","1","yes","yes","no"
"Clearwater, FL","clearwater-fl","Trading card stores","trading-card-stores","1","yes","yes","no"
"Sarasota, FL","sarasota-fl","HVAC","hvac","1","yes","yes","no"
"Sarasota, FL","sarasota-fl","Plumbing","plumbing","1","yes","yes","no"
"Sarasota, FL","sarasota-fl","Auto mechanics","auto-mechanics","1","yes","yes","no"
"Sarasota, FL","sarasota-fl","Roofing","roofing","1","yes","yes","no"
"Sarasota, FL","sarasota-fl","Electrical","electrical","1","yes","yes","no"
"Sarasota, FL","sarasota-fl","Lawn care","lawn-care","1","yes","yes","no"
"Sarasota, FL","sarasota-fl","Pest control","pest-control","1","yes","yes","no"
"Sarasota, FL","sarasota-fl","House cleaning","house-cleaning","1","yes","yes","no"
"Sarasota, FL","sarasota-fl","Landscaping","landscaping","1","yes","yes","no"
"Sarasota, FL","sarasota-fl","Tree service","tree-service","1","yes","yes","no"
"Sarasota, FL","sarasota-fl","Garage door repair","garage-door-repair","1","yes","yes","no"
"Sarasota, FL","sarasota-fl","Locksmith","locksmith","1","yes","yes","no"
"Sarasota, FL","sarasota-fl","Appliance repair","appliance-repair","1","yes","yes","no"
"Sarasota, FL","sarasota-fl","Movers","movers","1","yes","yes","no"
"Sarasota, FL","sarasota-fl","Handyman","handyman","1","yes","yes","no"
"Sarasota, FL","sarasota-fl","Painting","painting","1","yes","yes","no"
"Sarasota, FL","sarasota-fl","Pool service","pool-service","1","yes","yes","no"
"Sarasota, FL","sarasota-fl","Kitchen & bath remodeling","kitchen-bath-remodeling","1","yes","yes","no"
"Sarasota, FL","sarasota-fl","Flooring","flooring","1","yes","yes","no"
"Sarasota, FL","sarasota-fl","Towing","towing","1","yes","yes","no"
"Sarasota, FL","sarasota-fl","Auto body & collision","auto-body-collision","1","yes","yes","no"
"Sarasota, FL","sarasota-fl","Fence builders","fence-builders","1","yes","yes","no"
"Sarasota, FL","sarasota-fl","Junk removal","junk-removal","1","yes","yes","no"
"Sarasota, FL","sarasota-fl","Water damage & mold remediation","water-damage-mold-remediation","1","yes","yes","no"
"Sarasota, FL","sarasota-fl","Concrete & driveways","concrete","1","yes","yes","no"
"Sarasota, FL","sarasota-fl","Gutters","gutters","1","yes","yes","no"
"Sarasota, FL","sarasota-fl","Carpet cleaning","carpet-cleaning","1","yes","yes","no"
"Sarasota, FL","sarasota-fl","Pressure washing","pressure-washing","1","yes","yes","no"
"Sarasota, FL","sarasota-fl","Septic services","septic-services","1","yes","yes","no"
"Sarasota, FL","sarasota-fl","Pool installation","pool-installation","1","yes","yes","no"
"Sarasota, FL","sarasota-fl","Window tinting","window-tinting","1","yes","yes","no"
"Sarasota, FL","sarasota-fl","Generator installation","generator-installation","1","yes","yes","no"
"Sarasota, FL","sarasota-fl","Insulation","insulation","1","yes","yes","no"
"Sarasota, FL","sarasota-fl","Marine services","marine-services","1","yes","yes","no"
"Sarasota, FL","sarasota-fl","Screen enclosures & pool cages","screen-enclosures-pool-cages","1","yes","yes","no"
"Sarasota, FL","sarasota-fl","Hurricane shutters & impact windows","hurricane-shutters-impact-windows","1","yes","yes","no"
"Sarasota, FL","sarasota-fl","Trading card stores","trading-card-stores","1","yes","yes","no"
"Fort Myers, FL","fort-myers-fl","HVAC","hvac","1","yes","yes","no"
"Fort Myers, FL","fort-myers-fl","Plumbing","plumbing","1","yes","yes","no"
"Fort Myers, FL","fort-myers-fl","Auto mechanics","auto-mechanics","1","yes","yes","no"
"Fort Myers, FL","fort-myers-fl","Roofing","roofing","1","yes","yes","no"
"Fort Myers, FL","fort-myers-fl","Electrical","electrical","1","yes","yes","no"
"Fort Myers, FL","fort-myers-fl","Lawn care","lawn-care","1","yes","yes","no"
"Fort Myers, FL","fort-myers-fl","Pest control","pest-control","1","yes","yes","no"
"Fort Myers, FL","fort-myers-fl","House cleaning","house-cleaning","1","yes","yes","no"
"Fort Myers, FL","fort-myers-fl","Landscaping","landscaping","1","yes","yes","no"
"Fort Myers, FL","fort-myers-fl","Tree service","tree-service","1","yes","yes","no"
"Fort Myers, FL","fort-myers-fl","Garage door repair","garage-door-repair","1","yes","yes","no"
"Fort Myers, FL","fort-myers-fl","Locksmith","locksmith","1","yes","yes","no"
"Fort Myers, FL","fort-myers-fl","Appliance repair","appliance-repair","1","yes","yes","no"
"Fort Myers, FL","fort-myers-fl","Movers","movers","1","yes","yes","no"
"Fort Myers, FL","fort-myers-fl","Handyman","handyman","1","yes","yes","no"
"Fort Myers, FL","fort-myers-fl","Painting","painting","1","yes","yes","no"
"Fort Myers, FL","fort-myers-fl","Pool service","pool-service","1","yes","yes","no"
"Fort Myers, FL","fort-myers-fl","Kitchen & bath remodeling","kitchen-bath-remodeling","1","yes","yes","no"
"Fort Myers, FL","fort-myers-fl","Flooring","flooring","1","yes","yes","no"
"Fort Myers, FL","fort-myers-fl","Towing","towing","1","yes","yes","no"
"Fort Myers, FL","fort-myers-fl","Auto body & collision","auto-body-collision","1","yes","yes","no"
"Fort Myers, FL","fort-myers-fl","Fence builders","fence-builders","1","yes","yes","no"
"Fort Myers, FL","fort-myers-fl","Junk removal","junk-removal","1","yes","yes","no"
"Fort Myers, FL","fort-myers-fl","Water damage & mold remediation","water-damage-mold-remediation","1","yes","yes","no"
"Fort Myers, FL","fort-myers-fl","Concrete & driveways","concrete","1","yes","yes","no"
"Fort Myers, FL","fort-myers-fl","Gutters","gutters","1","yes","yes","no"
"Fort Myers, FL","fort-myers-fl","Carpet cleaning","carpet-cleaning","1","yes","yes","no"
"Fort Myers, FL","fort-myers-fl","Pressure washing","pressure-washing","1","yes","yes","no"
"Fort Myers, FL","fort-myers-fl","Septic services","septic-services","1","yes","yes","no"
"Fort Myers, FL","fort-myers-fl","Pool installation","pool-installation","1","yes","yes","no"
"Fort Myers, FL","fort-myers-fl","Window tinting","window-tinting","1","yes","yes","no"
"Fort Myers, FL","fort-myers-fl","Generator installation","generator-installation","1","yes","yes","no"
"Fort Myers, FL","fort-myers-fl","Insulation","insulation","1","yes","yes","no"
"Fort Myers, FL","fort-myers-fl","Marine services","marine-services","1","yes","yes","no"
"Fort Myers, FL","fort-myers-fl","Screen enclosures & pool cages","screen-enclosures-pool-cages","1","yes","yes","no"
"Fort Myers, FL","fort-myers-fl","Hurricane shutters & impact windows","hurricane-shutters-impact-windows","1","yes","yes","no"
"Fort Myers, FL","fort-myers-fl","Trading card stores","trading-card-stores","1","yes","yes","no"
"Naples, FL","naples-fl","HVAC","hvac","1","yes","yes","no"
"Naples, FL","naples-fl","Plumbing","plumbing","1","yes","yes","no"
"Naples, FL","naples-fl","Auto mechanics","auto-mechanics","1","yes","yes","no"
"Naples, FL","naples-fl","Roofing","roofing","1","yes","yes","no"
"Naples, FL","naples-fl","Electrical","electrical","1","yes","yes","no"
"Naples, FL","naples-fl","Lawn care","lawn-care","1","yes","yes","no"
"Naples, FL","naples-fl","Pest control","pest-control","1","yes","yes","no"
"Naples, FL","naples-fl","House cleaning","house-cleaning","1","yes","yes","no"
"Naples, FL","naples-fl","Landscaping","landscaping","1","yes","yes","no"
"Naples, FL","naples-fl","Tree service","tree-service","1","yes","yes","no"
"Naples, FL","naples-fl","Garage door repair","garage-door-repair","1","yes","yes","no"
"Naples, FL","naples-fl","Locksmith","locksmith","1","yes","yes","no"
"Naples, FL","naples-fl","Appliance repair","appliance-repair","1","yes","yes","no"
"Naples, FL","naples-fl","Movers","movers","1","yes","yes","no"
"Naples, FL","naples-fl","Handyman","handyman","1","yes","yes","no"
"Naples, FL","naples-fl","Painting","painting","1","yes","yes","no"
"Naples, FL","naples-fl","Pool service","pool-service","1","yes","yes","no"
"Naples, FL","naples-fl","Kitchen & bath remodeling","kitchen-bath-remodeling","1","yes","yes","no"
"Naples, FL","naples-fl","Flooring","flooring","1","yes","yes","no"
"Naples, FL","naples-fl","Towing","towing","1","yes","yes","no"
"Naples, FL","naples-fl","Auto body & collision","auto-body-collision","1","yes","yes","no"
"Naples, FL","naples-fl","Fence builders","fence-builders","1","yes","yes","no"
"Naples, FL","naples-fl","Junk removal","junk-removal","1","yes","yes","no"
"Naples, FL","naples-fl","Water damage & mold remediation","water-damage-mold-remediation","1","yes","yes","no"
"Naples, FL","naples-fl","Concrete & driveways","concrete","1","yes","yes","no"
"Naples, FL","naples-fl","Gutters","gutters","1","yes","yes","no"
"Naples, FL","naples-fl","Carpet cleaning","carpet-cleaning","1","yes","yes","no"
"Naples, FL","naples-fl","Pressure washing","pressure-washing","1","yes","yes","no"
"Naples, FL","naples-fl","Septic services","septic-services","1","yes","yes","no"
"Naples, FL","naples-fl","Pool installation","pool-installation","1","yes","yes","no"
"Naples, FL","naples-fl","Window tinting","window-tinting","1","yes","yes","no"
"Naples, FL","naples-fl","Generator installation","generator-installation","1","yes","yes","no"
"Naples, FL","naples-fl","Insulation","insulation","1","yes","yes","no"
"Naples, FL","naples-fl","Marine services","marine-services","1","yes","yes","no"
"Naples, FL","naples-fl","Screen enclosures & pool cages","screen-enclosures-pool-cages","1","yes","yes","no"
"Naples, FL","naples-fl","Hurricane shutters & impact windows","hurricane-shutters-impact-windows","1","yes","yes","no"
"Naples, FL","naples-fl","Trading card stores","trading-card-stores","1","yes","yes","no"
"Miami, FL","miami-fl","HVAC","hvac","1","yes","yes","no"
"Miami, FL","miami-fl","Plumbing","plumbing","1","yes","yes","no"
"Miami, FL","miami-fl","Auto mechanics","auto-mechanics","1","yes","yes","no"
"Miami, FL","miami-fl","Roofing","roofing","1","yes","yes","no"
"Miami, FL","miami-fl","Electrical","electrical","1","yes","yes","no"
"Miami, FL","miami-fl","Lawn care","lawn-care","1","yes","yes","no"
"Miami, FL","miami-fl","Pest control","pest-control","1","yes","yes","no"
"Miami, FL","miami-fl","House cleaning","house-cleaning","1","yes","yes","no"
"Miami, FL","miami-fl","Landscaping","landscaping","1","yes","yes","no"
"Miami, FL","miami-fl","Tree service","tree-service","1","yes","yes","no"
"Miami, FL","miami-fl","Garage door repair","garage-door-repair","1","yes","yes","no"
"Miami, FL","miami-fl","Locksmith","locksmith","1","yes","yes","no"
"Miami, FL","miami-fl","Appliance repair","appliance-repair","1","yes","yes","no"
"Miami, FL","miami-fl","Movers","movers","1","yes","yes","no"
"Miami, FL","miami-fl","Handyman","handyman","1","yes","yes","no"
"Miami, FL","miami-fl","Painting","painting","1","yes","yes","no"
"Miami, FL","miami-fl","Pool service","pool-service","1","yes","yes","no"
"Miami, FL","miami-fl","Kitchen & bath remodeling","kitchen-bath-remodeling","1","yes","yes","no"
"Miami, FL","miami-fl","Flooring","flooring","1","yes","yes","no"
"Miami, FL","miami-fl","Towing","towing","1","yes","yes","no"
"Miami, FL","miami-fl","Auto body & collision","auto-body-collision","1","yes","yes","no"
"Miami, FL","miami-fl","Fence builders","fence-builders","1","yes","yes","no"
"Miami, FL","miami-fl","Junk removal","junk-removal","1","yes","yes","no"
"Miami, FL","miami-fl","Water damage & mold remediation","water-damage-mold-remediation","1","yes","yes","no"
"Miami, FL","miami-fl","Concrete & driveways","concrete","1","yes","yes","no"
"Miami, FL","miami-fl","Gutters","gutters","1","yes","yes","no"
"Miami, FL","miami-fl","Carpet cleaning","carpet-cleaning","1","yes","yes","no"
"Miami, FL","miami-fl","Pressure washing","pressure-washing","1","yes","yes","no"
"Miami, FL","miami-fl","Septic services","septic-services","1","yes","yes","no"
"Miami, FL","miami-fl","Pool installation","pool-installation","1","yes","yes","no"
"Miami, FL","miami-fl","Window tinting","window-tinting","1","yes","yes","no"
"Miami, FL","miami-fl","Generator installation","generator-installation","1","yes","yes","no"
"Miami, FL","miami-fl","Insulation","insulation","1","yes","yes","no"
"Miami, FL","miami-fl","Marine services","marine-services","1","yes","yes","no"
"Miami, FL","miami-fl","Screen enclosures & pool cages","screen-enclosures-pool-cages","1","yes","yes","no"
"Miami, FL","miami-fl","Hurricane shutters & impact windows","hurricane-shutters-impact-windows","1","yes","yes","no"
"Miami, FL","miami-fl","Trading card stores","trading-card-stores","1","yes","yes","no"
"Fort Lauderdale, FL","fort-lauderdale-fl","HVAC","hvac","1","yes","yes","no"
"Fort Lauderdale, FL","fort-lauderdale-fl","Plumbing","plumbing","1","yes","yes","no"
"Fort Lauderdale, FL","fort-lauderdale-fl","Auto mechanics","auto-mechanics","1","yes","yes","no"
"Fort Lauderdale, FL","fort-lauderdale-fl","Roofing","roofing","1","yes","yes","no"
"Fort Lauderdale, FL","fort-lauderdale-fl","Electrical","electrical","1","yes","yes","no"
"Fort Lauderdale, FL","fort-lauderdale-fl","Lawn care","lawn-care","1","yes","yes","no"
"Fort Lauderdale, FL","fort-lauderdale-fl","Pest control","pest-control","1","yes","yes","no"
"Fort Lauderdale, FL","fort-lauderdale-fl","House cleaning","house-cleaning","1","yes","yes","no"
"Fort Lauderdale, FL","fort-lauderdale-fl","Landscaping","landscaping","1","yes","yes","no"
"Fort Lauderdale, FL","fort-lauderdale-fl","Tree service","tree-service","1","yes","yes","no"
"Fort Lauderdale, FL","fort-lauderdale-fl","Garage door repair","garage-door-repair","1","yes","yes","no"
"Fort Lauderdale, FL","fort-lauderdale-fl","Locksmith","locksmith","1","yes","yes","no"
"Fort Lauderdale, FL","fort-lauderdale-fl","Appliance repair","appliance-repair","1","yes","yes","no"
"Fort Lauderdale, FL","fort-lauderdale-fl","Movers","movers","1","yes","yes","no"
"Fort Lauderdale, FL","fort-lauderdale-fl","Handyman","handyman","1","yes","yes","no"
"Fort Lauderdale, FL","fort-lauderdale-fl","Painting","painting","1","yes","yes","no"
"Fort Lauderdale, FL","fort-lauderdale-fl","Pool service","pool-service","1","yes","yes","no"
"Fort Lauderdale, FL","fort-lauderdale-fl","Kitchen & bath remodeling","kitchen-bath-remodeling","1","yes","yes","no"
"Fort Lauderdale, FL","fort-lauderdale-fl","Flooring","flooring","1","yes","yes","no"
"Fort Lauderdale, FL","fort-lauderdale-fl","Towing","towing","1","yes","yes","no"
"Fort Lauderdale, FL","fort-lauderdale-fl","Auto body & collision","auto-body-collision","1","yes","yes","no"
"Fort Lauderdale, FL","fort-lauderdale-fl","Fence builders","fence-builders","1","yes","yes","no"
"Fort Lauderdale, FL","fort-lauderdale-fl","Junk removal","junk-removal","1","yes","yes","no"
"Fort Lauderdale, FL","fort-lauderdale-fl","Water damage & mold remediation","water-damage-mold-remediation","1","yes","yes","no"
"Fort Lauderdale, FL","fort-lauderdale-fl","Concrete & driveways","concrete","1","yes","yes","no"
"Fort Lauderdale, FL","fort-lauderdale-fl","Gutters","gutters","1","yes","yes","no"
"Fort Lauderdale, FL","fort-lauderdale-fl","Carpet cleaning","carpet-cleaning","1","yes","yes","no"
"Fort Lauderdale, FL","fort-lauderdale-fl","Pressure washing","pressure-washing","1","yes","yes","no"
"Fort Lauderdale, FL","fort-lauderdale-fl","Septic services","septic-services","1","yes","yes","no"
"Fort Lauderdale, FL","fort-lauderdale-fl","Pool installation","pool-installation","1","yes","yes","no"
"Fort Lauderdale, FL","fort-lauderdale-fl","Window tinting","window-tinting","1","yes","yes","no"
"Fort Lauderdale, FL","fort-lauderdale-fl","Generator installation","generator-installation","1","yes","yes","no"
"Fort Lauderdale, FL","fort-lauderdale-fl","Insulation","insulation","1","yes","yes","no"
"Fort Lauderdale, FL","fort-lauderdale-fl","Marine services","marine-services","1","yes","yes","no"
"Fort Lauderdale, FL","fort-lauderdale-fl","Screen enclosures & pool cages","screen-enclosures-pool-cages","1","yes","yes","no"
"Fort Lauderdale, FL","fort-lauderdale-fl","Hurricane shutters & impact windows","hurricane-shutters-impact-windows","1","yes","yes","no"
"Fort Lauderdale, FL","fort-lauderdale-fl","Trading card stores","trading-card-stores","1","yes","yes","no"
"West Palm Beach, FL","west-palm-beach-fl","HVAC","hvac","1","yes","yes","no"
"West Palm Beach, FL","west-palm-beach-fl","Plumbing","plumbing","1","yes","yes","no"
"West Palm Beach, FL","west-palm-beach-fl","Auto mechanics","auto-mechanics","1","yes","yes","no"
"West Palm Beach, FL","west-palm-beach-fl","Roofing","roofing","1","yes","yes","no"
"West Palm Beach, FL","west-palm-beach-fl","Electrical","electrical","1","yes","yes","no"
"West Palm Beach, FL","west-palm-beach-fl","Lawn care","lawn-care","1","yes","yes","no"
"West Palm Beach, FL","west-palm-beach-fl","Pest control","pest-control","1","yes","yes","no"
"West Palm Beach, FL","west-palm-beach-fl","House cleaning","house-cleaning","1","yes","yes","no"
"West Palm Beach, FL","west-palm-beach-fl","Landscaping","landscaping","1","yes","yes","no"
"West Palm Beach, FL","west-palm-beach-fl","Tree service","tree-service","1","yes","yes","no"
"West Palm Beach, FL","west-palm-beach-fl","Garage door repair","garage-door-repair","1","yes","yes","no"
"West Palm Beach, FL","west-palm-beach-fl","Locksmith","locksmith","1","yes","yes","no"
"West Palm Beach, FL","west-palm-beach-fl","Appliance repair","appliance-repair","1","yes","yes","no"
"West Palm Beach, FL","west-palm-beach-fl","Movers","movers","1","yes","yes","no"
"West Palm Beach, FL","west-palm-beach-fl","Handyman","handyman","1","yes","yes","no"
"West Palm Beach, FL","west-palm-beach-fl","Painting","painting","1","yes","yes","no"
"West Palm Beach, FL","west-palm-beach-fl","Pool service","pool-service","1","yes","yes","no"
"West Palm Beach, FL","west-palm-beach-fl","Kitchen & bath remodeling","kitchen-bath-remodeling","1","yes","yes","no"
"West Palm Beach, FL","west-palm-beach-fl","Flooring","flooring","1","yes","yes","no"
"West Palm Beach, FL","west-palm-beach-fl","Towing","towing","1","yes","yes","no"
"West Palm Beach, FL","west-palm-beach-fl","Auto body & collision","auto-body-collision","1","yes","yes","no"
"West Palm Beach, FL","west-palm-beach-fl","Fence builders","fence-builders","1","yes","yes","no"
"West Palm Beach, FL","west-palm-beach-fl","Junk removal","junk-removal","1","yes","yes","no"
"West Palm Beach, FL","west-palm-beach-fl","Water damage & mold remediation","water-damage-mold-remediation","1","yes","yes","no"
"West Palm Beach, FL","west-palm-beach-fl","Concrete & driveways","concrete","1","yes","yes","no"
"West Palm Beach, FL","west-palm-beach-fl","Gutters","gutters","1","yes","yes","no"
"West Palm Beach, FL","west-palm-beach-fl","Carpet cleaning","carpet-cleaning","1","yes","yes","no"
"West Palm Beach, FL","west-palm-beach-fl","Pressure washing","pressure-washing","1","yes","yes","no"
"West Palm Beach, FL","west-palm-beach-fl","Septic services","septic-services","1","yes","yes","no"
"West Palm Beach, FL","west-palm-beach-fl","Pool installation","pool-installation","1","yes","yes","no"
"West Palm Beach, FL","west-palm-beach-fl","Window tinting","window-tinting","1","yes","yes","no"
"West Palm Beach, FL","west-palm-beach-fl","Generator installation","generator-installation","1","yes","yes","no"
"West Palm Beach, FL","west-palm-beach-fl","Insulation","insulation","1","yes","yes","no"
"West Palm Beach, FL","west-palm-beach-fl","Marine services","marine-services","1","yes","yes","no"
"West Palm Beach, FL","west-palm-beach-fl","Screen enclosures & pool cages","screen-enclosures-pool-cages","1","yes","yes","no"
"West Palm Beach, FL","west-palm-beach-fl","Hurricane shutters & impact windows","hurricane-shutters-impact-windows","1","yes","yes","no"
"West Palm Beach, FL","west-palm-beach-fl","Trading card stores","trading-card-stores","1","yes","yes","no"
"Birmingham, AL","birmingham-al","HVAC","hvac","1","yes","yes","no"
"Birmingham, AL","birmingham-al","Plumbing","plumbing","1","yes","yes","no"
"Birmingham, AL","birmingham-al","Auto mechanics","auto-mechanics","1","yes","yes","no"
"Birmingham, AL","birmingham-al","Roofing","roofing","1","yes","yes","no"
"Birmingham, AL","birmingham-al","Electrical","electrical","1","yes","yes","no"
"Birmingham, AL","birmingham-al","Lawn care","lawn-care","1","yes","yes","no"
"Birmingham, AL","birmingham-al","Pest control","pest-control","1","yes","yes","no"
"Birmingham, AL","birmingham-al","House cleaning","house-cleaning","1","yes","yes","no"
"Birmingham, AL","birmingham-al","Landscaping","landscaping","1","yes","yes","no"
"Birmingham, AL","birmingham-al","Tree service","tree-service","1","yes","yes","no"
"Birmingham, AL","birmingham-al","Garage door repair","garage-door-repair","1","yes","yes","no"
"Birmingham, AL","birmingham-al","Locksmith","locksmith","1","yes","yes","no"
"Birmingham, AL","birmingham-al","Appliance repair","appliance-repair","1","yes","yes","no"
"Birmingham, AL","birmingham-al","Movers","movers","1","yes","yes","no"
"Birmingham, AL","birmingham-al","Handyman","handyman","1","yes","yes","no"
"Birmingham, AL","birmingham-al","Painting","painting","1","yes","yes","no"
"Birmingham, AL","birmingham-al","Pool service","pool-service","1","yes","yes","no"
"Birmingham, AL","birmingham-al","Kitchen & bath remodeling","kitchen-bath-remodeling","1","yes","yes","no"
"Birmingham, AL","birmingham-al","Flooring","flooring","1","yes","yes","no"
"Birmingham, AL","birmingham-al","Towing","towing","1","yes","yes","no"
"Birmingham, AL","birmingham-al","Auto body & collision","auto-body-collision","1","yes","yes","no"
"Birmingham, AL","birmingham-al","Fence builders","fence-builders","1","yes","yes","no"
"Birmingham, AL","birmingham-al","Junk removal","junk-removal","1","yes","yes","no"
"Birmingham, AL","birmingham-al","Water damage & mold remediation","water-damage-mold-remediation","1","yes","yes","no"
"Birmingham, AL","birmingham-al","Concrete & driveways","concrete","1","yes","yes","no"
"Birmingham, AL","birmingham-al","Gutters","gutters","1","yes","yes","no"
"Birmingham, AL","birmingham-al","Carpet cleaning","carpet-cleaning","1","yes","yes","no"
"Birmingham, AL","birmingham-al","Pressure washing","pressure-washing","1","yes","yes","no"
"Birmingham, AL","birmingham-al","Septic services","septic-services","1","yes","yes","no"
"Birmingham, AL","birmingham-al","Pool installation","pool-installation","1","yes","yes","no"
"Birmingham, AL","birmingham-al","Window tinting","window-tinting","1","yes","yes","no"
"Birmingham, AL","birmingham-al","Generator installation","generator-installation","1","yes","yes","no"
"Birmingham, AL","birmingham-al","Insulation","insulation","1","yes","yes","no"
"Birmingham, AL","birmingham-al","Marine services","marine-services","1","yes","yes","no"
"Birmingham, AL","birmingham-al","Screen enclosures & pool cages","screen-enclosures-pool-cages","1","yes","yes","no"
"Birmingham, AL","birmingham-al","Hurricane shutters & impact windows","hurricane-shutters-impact-windows","1","yes","yes","no"
"Birmingham, AL","birmingham-al","Trading card stores","trading-card-stores","1","yes","yes","no"
"Montgomery, AL","montgomery-al","HVAC","hvac","1","yes","yes","no"
"Montgomery, AL","montgomery-al","Plumbing","plumbing","1","yes","yes","no"
"Montgomery, AL","montgomery-al","Auto mechanics","auto-mechanics","1","yes","yes","no"
"Montgomery, AL","montgomery-al","Roofing","roofing","1","yes","yes","no"
"Montgomery, AL","montgomery-al","Electrical","electrical","1","yes","yes","no"
"Montgomery, AL","montgomery-al","Lawn care","lawn-care","1","yes","yes","no"
"Montgomery, AL","montgomery-al","Pest control","pest-control","1","yes","yes","no"
"Montgomery, AL","montgomery-al","House cleaning","house-cleaning","1","yes","yes","no"
"Montgomery, AL","montgomery-al","Landscaping","landscaping","1","yes","yes","no"
"Montgomery, AL","montgomery-al","Tree service","tree-service","1","yes","yes","no"
"Montgomery, AL","montgomery-al","Garage door repair","garage-door-repair","1","yes","yes","no"
"Montgomery, AL","montgomery-al","Locksmith","locksmith","1","yes","yes","no"
"Montgomery, AL","montgomery-al","Appliance repair","appliance-repair","1","yes","yes","no"
"Montgomery, AL","montgomery-al","Movers","movers","1","yes","yes","no"
"Montgomery, AL","montgomery-al","Handyman","handyman","1","yes","yes","no"
"Montgomery, AL","montgomery-al","Painting","painting","1","yes","yes","no"
"Montgomery, AL","montgomery-al","Pool service","pool-service","1","yes","yes","no"
"Montgomery, AL","montgomery-al","Kitchen & bath remodeling","kitchen-bath-remodeling","1","yes","yes","no"
"Montgomery, AL","montgomery-al","Flooring","flooring","1","yes","yes","no"
"Montgomery, AL","montgomery-al","Towing","towing","1","yes","yes","no"
"Montgomery, AL","montgomery-al","Auto body & collision","auto-body-collision","1","yes","yes","no"
"Montgomery, AL","montgomery-al","Fence builders","fence-builders","1","yes","yes","no"
"Montgomery, AL","montgomery-al","Junk removal","junk-removal","1","yes","yes","no"
"Montgomery, AL","montgomery-al","Water damage & mold remediation","water-damage-mold-remediation","1","yes","yes","no"
"Montgomery, AL","montgomery-al","Concrete & driveways","concrete","1","yes","yes","no"
"Montgomery, AL","montgomery-al","Gutters","gutters","1","yes","yes","no"
"Montgomery, AL","montgomery-al","Carpet cleaning","carpet-cleaning","1","yes","yes","no"
"Montgomery, AL","montgomery-al","Pressure washing","pressure-washing","1","yes","yes","no"
"Montgomery, AL","montgomery-al","Septic services","septic-services","1","yes","yes","no"
"Montgomery, AL","montgomery-al","Pool installation","pool-installation","1","yes","yes","no"
"Montgomery, AL","montgomery-al","Window tinting","window-tinting","1","yes","yes","no"
"Montgomery, AL","montgomery-al","Generator installation","generator-installation","1","yes","yes","no"
"Montgomery, AL","montgomery-al","Insulation","insulation","1","yes","yes","no"
"Montgomery, AL","montgomery-al","Marine services","marine-services","1","yes","yes","no"
"Montgomery, AL","montgomery-al","Screen enclosures & pool cages","screen-enclosures-pool-cages","1","yes","yes","no"
"Montgomery, AL","montgomery-al","Hurricane shutters & impact windows","hurricane-shutters-impact-windows","1","yes","yes","no"
"Montgomery, AL","montgomery-al","Trading card stores","trading-card-stores","1","yes","yes","no"
"Huntsville, AL","huntsville-al","HVAC","hvac","1","yes","yes","no"
"Huntsville, AL","huntsville-al","Plumbing","plumbing","1","yes","yes","no"
"Huntsville, AL","huntsville-al","Auto mechanics","auto-mechanics","1","yes","yes","no"
"Huntsville, AL","huntsville-al","Roofing","roofing","1","yes","yes","no"
"Huntsville, AL","huntsville-al","Electrical","electrical","1","yes","yes","no"
"Huntsville, AL","huntsville-al","Lawn care","lawn-care","1","yes","yes","no"
"Huntsville, AL","huntsville-al","Pest control","pest-control","1","yes","yes","no"
"Huntsville, AL","huntsville-al","House cleaning","house-cleaning","1","yes","yes","no"
"Huntsville, AL","huntsville-al","Landscaping","landscaping","1","yes","yes","no"
"Huntsville, AL","huntsville-al","Tree service","tree-service","1","yes","yes","no"
"Huntsville, AL","huntsville-al","Garage door repair","garage-door-repair","1","yes","yes","no"
"Huntsville, AL","huntsville-al","Locksmith","locksmith","1","yes","yes","no"
"Huntsville, AL","huntsville-al","Appliance repair","appliance-repair","1","yes","yes","no"
"Huntsville, AL","huntsville-al","Movers","movers","1","yes","yes","no"
"Huntsville, AL","huntsville-al","Handyman","handyman","1","yes","yes","no"
"Huntsville, AL","huntsville-al","Painting","painting","1","yes","yes","no"
"Huntsville, AL","huntsville-al","Pool service","pool-service","1","yes","yes","no"
"Huntsville, AL","huntsville-al","Kitchen & bath remodeling","kitchen-bath-remodeling","1","yes","yes","no"
"Huntsville, AL","huntsville-al","Flooring","flooring","1","yes","yes","no"
"Huntsville, AL","huntsville-al","Towing","towing","1","yes","yes","no"
"Huntsville, AL","huntsville-al","Auto body & collision","auto-body-collision","1","yes","yes","no"
"Huntsville, AL","huntsville-al","Fence builders","fence-builders","1","yes","yes","no"
"Huntsville, AL","huntsville-al","Junk removal","junk-removal","1","yes","yes","no"
"Huntsville, AL","huntsville-al","Water damage & mold remediation","water-damage-mold-remediation","1","yes","yes","no"
"Huntsville, AL","huntsville-al","Concrete & driveways","concrete","1","yes","yes","no"
"Huntsville, AL","huntsville-al","Gutters","gutters","1","yes","yes","no"
"Huntsville, AL","huntsville-al","Carpet cleaning","carpet-cleaning","1","yes","yes","no"
"Huntsville, AL","huntsville-al","Pressure washing","pressure-washing","1","yes","yes","no"
"Huntsville, AL","huntsville-al","Septic services","septic-services","1","yes","yes","no"
"Huntsville, AL","huntsville-al","Pool installation","pool-installation","1","yes","yes","no"
"Huntsville, AL","huntsville-al","Window tinting","window-tinting","1","yes","yes","no"
"Huntsville, AL","huntsville-al","Generator installation","generator-installation","1","yes","yes","no"
"Huntsville, AL","huntsville-al","Insulation","insulation","1","yes","yes","no"
"Huntsville, AL","huntsville-al","Marine services","marine-services","1","yes","yes","no"
"Huntsville, AL","huntsville-al","Screen enclosures & pool cages","screen-enclosures-pool-cages","1","yes","yes","no"
"Huntsville, AL","huntsville-al","Hurricane shutters & impact windows","hurricane-shutters-impact-windows","1","yes","yes","no"
"Huntsville, AL","huntsville-al","Trading card stores","trading-card-stores","1","yes","yes","no"
