"business_name","email","email_source_url","cities","categories","main_profile_url","claim_url"
"24/7 All Services","office@247allservices.com","https://www.247allservices.com/contact/","Mobile, AL; Orange Beach, AL","Electrical","https://whoknowsapro.com/business/24-7-all-services","https://whoknowsapro.com/claim?business=seed-v1-orange-beach-al-electrical-site-247allservices-com"
"251 Electrical Services","251electric@gmail.com","https://www.251electrical.com/contact","Mobile, AL; Orange Beach, AL","Electrical","https://whoknowsapro.com/business/251-electrical-services","https://whoknowsapro.com/claim?business=seed-v1-orange-beach-al-electrical-site-251electrical-com"
"2GuysGutters","info@2guysgutters.com","https://www.2guysgutters.com/about","Sarasota, FL","Gutters","https://whoknowsapro.com/business/2guysgutters","https://whoknowsapro.com/claim?business=verified-v1-sarasota-fl-gutters-2guysgutters-com"
"3 Rheams Junk Removal","3rheamsllc@gmail.com","https://www.3rheams.com/","Baton Rouge, LA","Junk removal","https://whoknowsapro.com/business/3-rheams-junk-removal","https://whoknowsapro.com/claim?business=verified-v1-baton-rouge-la-junk-removal-3rheams-com"
"A Better Pool & Spa","hello@a-betterpool.com","https://www.a-betterpool.com/contact/","Tampa, FL","Pool installation","https://whoknowsapro.com/business/a-better-pool-spa","https://whoknowsapro.com/claim?business=seed-v1-tampa-fl-pool-installation-site-a-betterpool-com"
"A Cut Above Landscaping and Property Maintenance","1goodcut@gmail.com","https://landscapingacutabove.com/about-us/","Gulf Breeze, FL; Navarre, FL; Pensacola, FL; Perdido Key, FL","Landscaping","https://whoknowsapro.com/business/a-cut-above-landscaping-and-property-maintenance","https://whoknowsapro.com/claim?business=seed-v1-pensacola-fl-landscaping-site-landscapingacutabove-com"
"A Cut Above Tree Care, Inc.","acutabovetreecare@hotmail.com","https://www.acutabovetreecarepensacola.com/about-local-arborists","Gulf Breeze, FL; Navarre, FL; Pensacola, FL; Perdido Key, FL","Tree service","https://whoknowsapro.com/business/a-cut-above-tree-care-inc","https://whoknowsapro.com/claim?business=seed-v1-pensacola-fl-tree-service-site-acutabovetreecarepensacola-com"
"A-1 Insulating Company","craig.a1ins@gmail.com","https://a-1insulating.com/about-us/","Mobile, AL; Orange Beach, AL","Insulation","https://whoknowsapro.com/business/a-1-insulating-company","https://whoknowsapro.com/claim?business=seed-v1-orange-beach-al-insulation-site-a-1insulating-com"
"A. & J. Custom Contracting Co.","ajcustomcontractingco@gmail.com","https://www.palmbeachcountyhandyman.com/contact","West Palm Beach, FL","Handyman","https://whoknowsapro.com/business/a-j-custom-contracting-co","https://whoknowsapro.com/claim?business=verified-v1-west-palm-beach-fl-handyman-palmbeachcountyhandyman-com"
"A. Gonzalez Appliance Service","info@agappliances.com","https://agappliances.com/about-us/","Miami, FL","Appliance repair","https://whoknowsapro.com/business/a-gonzalez-appliance-service","https://whoknowsapro.com/claim?business=verified-v1-miami-fl-appliance-repair-agappliances-com"
"A.B.E.L. Mobile Locksmith","brian@abellocksmith.com","https://abellocksmith.com/contact/","Pensacola, FL","Locksmith","https://whoknowsapro.com/business/a-b-e-l-mobile-locksmith","https://whoknowsapro.com/claim?business=verified-v1-pensacola-fl-locksmith-abellocksmith-com"
"AA Glass & Windows Tampa","info@impactglass.net","https://impactglass.net/locations/tampa/","Tampa, FL","Hurricane shutters & impact windows","https://whoknowsapro.com/business/aa-glass-windows-tampa","https://whoknowsapro.com/claim?business=seed-v1-tampa-fl-hurricane-shutters-impact-windows-site-impactglass-net-locations-tampa"
"Aaron's Lock & Security","dispatch@aaronslockservice.com","https://aaronslockservice.com/meet-our-team","Perdido Key, FL","Locksmith","https://whoknowsapro.com/business/aaron-s-lock-security","https://whoknowsapro.com/claim?business=verified-v1-perdido-key-fl-locksmith-aaronslockservice-com"
"Abbott Services Inc.","info@abbottservices.com","https://www.abbottservices.com/about-us","Mobile, AL; Orange Beach, AL","HVAC","https://whoknowsapro.com/business/abbott-services-inc","https://whoknowsapro.com/claim?business=seed-v1-orange-beach-al-hvac-site-abbottservices-com"
"ABC Pest Control","abc@abc-pestcontrol.com","https://www.abc-pestcontrol.com/contacts","Tampa, FL","Pest control","https://whoknowsapro.com/business/abc-pest-control","https://whoknowsapro.com/claim?business=seed-v1-tampa-fl-pest-control-site-abc-pestcontrol-com"
"ABC Services LLC (Navarre)","abcservicesllc@hotmail.es","https://www.abcservicesnavarre.com/about-us","Gulf Breeze, FL; Navarre, FL; Pensacola, FL; Perdido Key, FL","Tree service","https://whoknowsapro.com/business/abc-services-llc-navarre","https://whoknowsapro.com/claim?business=seed-v1-pensacola-fl-tree-service-site-abcservicesnavarre-com"
"Access Sun Control","ken@accesssuncontrol.com","https://accesssuncontrol.com/","Mobile, AL; Orange Beach, AL","Window tinting","https://whoknowsapro.com/business/access-sun-control","https://whoknowsapro.com/claim?business=seed-v1-orange-beach-al-window-tinting-site-accesssuncontrol-com"
"Ace Overhead Garage Doors","office@acedoorrepair.com","https://www.aceoverheadgaragedoors.com/contact-us","Orange Beach, AL","Garage door repair","https://whoknowsapro.com/business/ace-overhead-garage-doors","https://whoknowsapro.com/claim?business=verified-v1-orange-beach-al-garage-door-repair-aceoverheadgaragedoors-com"
"ACE Tree Service","office@acetree.net","https://acetreebham.com/locations/montgomery-al-tree-service/","Birmingham, AL","Tree service","https://whoknowsapro.com/business/ace-tree-service","https://whoknowsapro.com/claim?business=verified-v1-birmingham-al-tree-service-acetreebham-com"
"ACF Industrial Energy","information@acfpower.com","https://www.acfindustrialenergy.com/about/","Tampa, FL","Generator installation","https://whoknowsapro.com/business/acf-industrial-energy","https://whoknowsapro.com/claim?business=seed-v1-tampa-fl-generator-installation-site-acfindustrialenergy-com"
"Action Air Conditioning & Heating","actionairfla@gmail.com","https://actionairflorida.com/contact/","Gulf Breeze, FL; Milton, FL; Navarre, FL; Pace, FL; Pensacola, FL; Perdido Key, FL","Electrical; Generator installation; HVAC; Plumbing","https://whoknowsapro.com/business/action-air-conditioning-heating","https://whoknowsapro.com/claim?business=seed-v1-pensacola-fl-generator-installation-site-actionairflorida-com-services-generators"
"Action Plus Termite & Pest Control","info@actionplusga.com","https://actionplusga.com/contact/","Atlanta, GA","Pest control","https://whoknowsapro.com/business/action-plus-termite-pest-control","https://whoknowsapro.com/claim?business=seed-v1-atlanta-ga-pest-control-3"
"Adams Aluminum","info@adamsaluminum.com","https://adamsaluminum.com/contact/estimate-request/","Birmingham, AL","Screen enclosures & pool cages","https://whoknowsapro.com/business/adams-aluminum","https://whoknowsapro.com/claim?business=verified-v1-birmingham-al-screen-enclosures-pool-cages-adamsaluminum-com"
"Adams Plumbing & Drain Company","info@adamsplumbingcompany.com","https://adamsplumbingcompany.com/contact/","Mobile, AL; Orange Beach, AL","Plumbing","https://whoknowsapro.com/business/adams-plumbing-drain-company","https://whoknowsapro.com/claim?business=seed-v1-orange-beach-al-plumbing-site-adamsplumbingcompany-com"
"Advanced Marine & Power","info@advancedmarineandpower.com","https://www.advancedmarineandpower.com/about-us.cfm","Mobile, AL; Orange Beach, AL","Marine services","https://whoknowsapro.com/business/advanced-marine-power","https://whoknowsapro.com/claim?business=seed-v1-orange-beach-al-marine-services-2"
"Aerosteam Carpet & Upholstery Care of Jacksonville","info@aerosteamclean.com","https://www.aerosteamclean.com/about.php","Jacksonville, FL","Carpet cleaning","https://whoknowsapro.com/business/aerosteam-carpet-upholstery-care-of-jacksonville","https://whoknowsapro.com/claim?business=verified-v1-jacksonville-fl-carpet-cleaning-aerosteamclean-com"
"Affordable Auto Painting & Collision","info@affordablecollision-al.com","https://www.affordablecollision-al.com/about-us","Mobile, AL","Auto body & collision","https://whoknowsapro.com/business/affordable-auto-painting-collision","https://whoknowsapro.com/claim?business=verified-v1-mobile-al-auto-body-collision-affordablecollision-al-com"
"Air Plus","airplusalabamaservice@gmail.com","https://www.airplusalabama.com/","Mobile, AL; Orange Beach, AL","HVAC","https://whoknowsapro.com/business/air-plus","https://whoknowsapro.com/claim?business=seed-v1-orange-beach-al-hvac-3"
"AirMax Refrigeration - Heating & Cooling","mark@airmaxrefrigeration.com","https://www.airmaxrefrigeration.com/contact/","Tampa, FL","HVAC","https://whoknowsapro.com/business/airmax-refrigeration-heating-cooling","https://whoknowsapro.com/claim?business=seed-v1-tampa-fl-hvac-site-airmaxrefrigeration-com"
"Aitken's On Demand","ondemandlandscaping@yahoo.com","https://www.aitkensondemand.com/about-us","Gulf Breeze, FL; Navarre, FL","Lawn care","https://whoknowsapro.com/business/aitken-s-on-demand","https://whoknowsapro.com/claim?business=verified-v1-gulf-breeze-fl-lawn-care-aitkensondemand-com"
"Alabama Arbor","dbishop@alarbor.com","https://www.alarbor.com/contact-us","Huntsville, AL","Tree service","https://whoknowsapro.com/business/alabama-arbor","https://whoknowsapro.com/claim?business=verified-v1-huntsville-al-tree-service-alarbor-com"
"Alabama Gutter Company","info@alabamaguttercompany.com","https://www.alabamaguttercompany.com/copy-of-about","Birmingham, AL","Gutters","https://whoknowsapro.com/business/alabama-gutter-company","https://whoknowsapro.com/claim?business=verified-v1-birmingham-al-gutters-alabamaguttercompany-com"
"Alabama Septic Services","alabamasepticservices@gmail.com","https://alabamasepticservices.com/about/","Montgomery, AL","Septic services","https://whoknowsapro.com/business/alabama-septic-services","https://whoknowsapro.com/claim?business=verified-v1-montgomery-al-septic-services-alabamasepticservices-com"
"Alabama Tank Service","alabamatankservice@yahoo.com","https://alabamatankservice.com/","Mobile, AL","Septic services","https://whoknowsapro.com/business/alabama-tank-service","https://whoknowsapro.com/claim?business=verified-v1-mobile-al-septic-services-alabamatankservice-com"
"Aladdin Insulation & Home Improvements","admin@aladdininsulation.com","https://aladdininsulation.com/","Atlanta, GA","Insulation","https://whoknowsapro.com/business/aladdin-insulation-home-improvements","https://whoknowsapro.com/claim?business=seed-v1-atlanta-ga-insulation-site-aladdininsulation-com"
"All American Water Restoration Inc.","workorders@allamericanwaterrestoration.com","https://www.allamericanwaterrestoration.com/about","Orlando, FL","Water damage & mold remediation","https://whoknowsapro.com/business/all-american-water-restoration-inc","https://whoknowsapro.com/claim?business=verified-v1-orlando-fl-water-damage-mold-remediation-allamericanwaterrestoration-com"
"All-In Construction Group","adam.aicgroup@outlook.com","https://www.aicgroup-fl.com/contact-us","Gulf Breeze, FL; Navarre, FL; Pensacola, FL; Perdido Key, FL","Kitchen & bath remodeling","https://whoknowsapro.com/business/all-in-construction-group","https://whoknowsapro.com/claim?business=seed-v1-pensacola-fl-kitchen-bath-remodeling-site-aicgroup-fl-com"
"Alpha Fence & Contracting","al@alphafenceatl.com","https://alphafenceatl.com/about/","Atlanta, GA","Fence builders","https://whoknowsapro.com/business/alpha-fence-contracting","https://whoknowsapro.com/claim?business=seed-v1-atlanta-ga-fence-builders-4"
"Alpha Handyman Services","alphahandyman@yahoo.com","https://alphahandyman.net/","Atlanta, GA","Handyman","https://whoknowsapro.com/business/alpha-handyman-services","https://whoknowsapro.com/claim?business=seed-v1-atlanta-ga-handyman-site-alphahandyman-net"
"Always On Time Electric","alwaysontimeelectric@gmail.com","https://www.alwaysontimeelectric.com/contact","Gulf Breeze, FL; Navarre, FL; Pensacola, FL; Perdido Key, FL","Electrical","https://whoknowsapro.com/business/always-on-time-electric","https://whoknowsapro.com/claim?business=seed-v1-pensacola-fl-electrical-site-alwaysontimeelectric-com"
"American Concrete Foundations and Walls","bobby@acfw.us","https://acfw.us/09-ContactUs/index.html","Birmingham, AL","Concrete & driveways","https://whoknowsapro.com/business/american-concrete-foundations-and-walls","https://whoknowsapro.com/claim?business=verified-v1-birmingham-al-concrete-acfw-us"
"American Insulation","office@americaninsulationco.com","https://americaninsulationco.com/about-us/","Tampa, FL","Insulation","https://whoknowsapro.com/business/american-insulation","https://whoknowsapro.com/claim?business=seed-v1-tampa-fl-insulation-site-americaninsulationco-com-tampa-insulation-removal"
"American Roofing & Rain Gutters, Inc.","tomas@americanrrg.com","https://americanrrg.com/about-us","Miami, FL","Gutters; Roofing","https://whoknowsapro.com/business/american-roofing-rain-gutters-inc","https://whoknowsapro.com/claim?business=verified-v1-miami-fl-roofing-americanrrg-com"
"American Towing","johncte@hotmail.com","https://americantowingal.com/","Montgomery, AL","Towing","https://whoknowsapro.com/business/american-towing","https://whoknowsapro.com/claim?business=verified-v1-montgomery-al-towing-americantowingal-com"
"Anchor Heating & Air","info@anchorac.com","https://anchorac.com/contact-us/","Atlanta, GA","HVAC","https://whoknowsapro.com/business/anchor-heating-air","https://whoknowsapro.com/claim?business=seed-v1-atlanta-ga-hvac-1"
"Anderson Power Services","sales@andersonpowerservices.com","https://andersonpowerservices.com/local-generator-company/","Atlanta, GA","Generator installation","https://whoknowsapro.com/business/anderson-power-services","https://whoknowsapro.com/claim?business=seed-v1-atlanta-ga-generator-installation-site-andersonpowerservices-com-service-areas-atlanta-house-generator"
"Andrew Cruse Painting","info@andrewcrusepainting.com","https://andrewcrusepainting.com/about","Gulf Breeze, FL; Navarre, FL; Pensacola, FL; Perdido Key, FL","Painting","https://whoknowsapro.com/business/andrew-cruse-painting","https://whoknowsapro.com/claim?business=seed-v1-pensacola-fl-painting-site-andrewcrusepainting-com"
"Anglers Edge Marine","anglersedge05@gmail.com","https://www.anglersedgeboats.com/about-us","Tallahassee, FL","Marine services","https://whoknowsapro.com/business/anglers-edge-marine","https://whoknowsapro.com/claim?business=verified-v1-tallahassee-fl-marine-services-anglersedgeboats-com"
"Anthem Pools","anthempoolsga@gmail.com","https://anthempoolsga.com/","Atlanta, GA","Pool installation","https://whoknowsapro.com/business/anthem-pools","https://whoknowsapro.com/claim?business=seed-v1-atlanta-ga-pool-installation-site-anthempoolsga-com"
"Appliance Care of Atlanta","servicerequest@acaservice.net","https://appliancecareofatlanta.com/","Atlanta, GA","Appliance repair","https://whoknowsapro.com/business/appliance-care-of-atlanta","https://whoknowsapro.com/claim?business=verified-v1-atlanta-ga-appliance-repair-appliancecareofatlanta-com"
"Aqua Guardians","aquaguardiansfl@gmail.com","https://aquaguardiansfl.com/about/","Gulf Breeze, FL; Navarre, FL; Pensacola, FL; Perdido Key, FL","Pool service","https://whoknowsapro.com/business/aqua-guardians","https://whoknowsapro.com/claim?business=seed-v1-pensacola-fl-pool-service-site-aquaguardiansfl-com"
"Aqua Works Plumbing","aquaworksplumbingco@gmail.com","https://www.aquaworkspc.com/about-our-plumbing-experts","Tampa, FL","Plumbing","https://whoknowsapro.com/business/aqua-works-plumbing","https://whoknowsapro.com/claim?business=seed-v1-tampa-fl-plumbing-site-aquaworkspc-com"
"ArborGuard Tree Experts","admin@arborguardtree.com","https://arborguardtree.com/about","Tampa, FL","Tree service","https://whoknowsapro.com/business/arborguard-tree-experts","https://whoknowsapro.com/claim?business=seed-v1-tampa-fl-tree-service-site-arborguardtree-com"
"Architectural Concrete Designs Inc.","acdllc43@gmail.com","https://www.architecturalconcretedesignsllc.com/contact.html","Gulf Breeze, FL; Navarre, FL; Pensacola, FL; Perdido Key, FL","Concrete & driveways","https://whoknowsapro.com/business/architectural-concrete-designs-inc","https://whoknowsapro.com/claim?business=seed-v1-pensacola-fl-concrete-site-architecturalconcretedesignsllc-com"
"Argo Electric","cmathews1965@aol.com","https://www.argoelectricfl.com/contact-us","Gulf Breeze, FL; Navarre, FL; Pensacola, FL; Perdido Key, FL","Electrical","https://whoknowsapro.com/business/argo-electric","https://whoknowsapro.com/claim?business=seed-v1-pensacola-fl-electrical-site-argoelectricfl-com"
"ARP Insulation","steven.clark@arpinsulation.com","https://www.arpinsulation.com/company","Jacksonville, FL; Orlando, FL","Insulation","https://whoknowsapro.com/business/arp-insulation","https://whoknowsapro.com/claim?business=verified-v1-jacksonville-fl-insulation-arpinsulation-com"
"ATL Clean","info@atlclean.com","https://atlclean.com/","Atlanta, GA","Carpet cleaning; House cleaning","https://whoknowsapro.com/business/atl-clean","https://whoknowsapro.com/claim?business=verified-v1-atlanta-ga-house-cleaning-atlclean-com"
"ATL Local Locksmith","atllocallocksmith@gmail.com","https://atllocallocksmith.com/contact","Atlanta, GA","Locksmith","https://whoknowsapro.com/business/atl-local-locksmith","https://whoknowsapro.com/claim?business=verified-v1-atlanta-ga-locksmith-atllocallocksmith-com"
"Atlanta Best Handyman","info@atlantabesthandyman.com","https://www.atlantabesthandyman.com/contact-us/coverage","Atlanta, GA","Handyman","https://whoknowsapro.com/business/atlanta-best-handyman","https://whoknowsapro.com/claim?business=seed-v1-atlanta-ga-handyman-2"
"Atlanta Concrete Contractors","david@atlantaconcretecontractors.com","https://www.atlantaconcretecontractors.com/about","Atlanta, GA","Concrete & driveways","https://whoknowsapro.com/business/atlanta-concrete-contractors","https://whoknowsapro.com/claim?business=seed-v1-atlanta-ga-concrete-2"
"Atlanta Metro Roofing","admin@atlantametroroofing.com","https://www.atlantametroroofing.com/","Atlanta, GA","Roofing","https://whoknowsapro.com/business/atlanta-metro-roofing","https://whoknowsapro.com/claim?business=seed-v1-atlanta-ga-roofing-site-atlantametroroofing-com"
"Atlanta Moving Solutions","info@atlantamovingsolutions.com","https://www.atlantamovingsolutions.com/about-us/reviews/","Atlanta, GA","Movers","https://whoknowsapro.com/business/atlanta-moving-solutions","https://whoknowsapro.com/claim?business=verified-v1-atlanta-ga-movers-atlantamovingsolutions-com"
"Atlanta Roofing Specialists","customerservice@myatlantaroof.com","https://atlantaroofingspecialists.com/contact-us/","Atlanta, GA","Roofing","https://whoknowsapro.com/business/atlanta-roofing-specialists","https://whoknowsapro.com/claim?business=seed-v1-atlanta-ga-roofing-site-atlantaroofingspecialists-com"
"Atlanta Star Plumbing","service@atlantastarplumbing.com","https://www.atlantastarplumbing.com/","Atlanta, GA","Plumbing","https://whoknowsapro.com/business/atlanta-star-plumbing","https://whoknowsapro.com/claim?business=seed-v1-atlanta-ga-plumbing-site-atlantastarplumbing-com"
"Atlanta Tree Company","info@atlantatreecompany.com","https://www.atlantatreecompany.com/about","Atlanta, GA","Tree service","https://whoknowsapro.com/business/atlanta-tree-company","https://whoknowsapro.com/claim?business=seed-v1-atlanta-ga-tree-service-2"
"Atlanta Turf & Tree","info@atlturf.com","https://atlturf.com/about/","Atlanta, GA","Landscaping","https://whoknowsapro.com/business/atlanta-turf-tree","https://whoknowsapro.com/claim?business=seed-v1-atlanta-ga-landscaping-1"
"Atlanta Window Tinting","dynamicsoundcaraudio@gmail.com","https://www.atlantatint.com/about-atlanta-window-tinting-norcross-georgia","Atlanta, GA","Window tinting","https://whoknowsapro.com/business/atlanta-window-tinting","https://whoknowsapro.com/claim?business=seed-v1-atlanta-ga-window-tinting-site-atlantatint-com"
"Atlantis Pools","info@atlantispoolsga.com","https://atlantispoolsga.com/about","Atlanta, GA","Pool installation","https://whoknowsapro.com/business/atlantis-pools","https://whoknowsapro.com/claim?business=seed-v1-atlanta-ga-pool-installation-1"
"Atlas Exterior Cleaning Services LLC","atlas@atlasecs.com","https://www.atlasecs.com/","Sarasota, FL","Pressure washing","https://whoknowsapro.com/business/atlas-exterior-cleaning-services-llc","https://whoknowsapro.com/claim?business=verified-v1-sarasota-fl-pressure-washing-atlasecs-com"
"ATW Marine Services","rod@atwmarine.com","https://www.atwmarine.com/","Tampa, FL","Marine services","https://whoknowsapro.com/business/atw-marine-services","https://whoknowsapro.com/claim?business=seed-v1-tampa-fl-marine-services-site-atwmarine-com-boat-yard-tampa"
"Auto Paint Guard","sales@autopaintguard.com","https://www.autopaintguard.com/about-us/","Tampa, FL","Window tinting","https://whoknowsapro.com/business/auto-paint-guard","https://whoknowsapro.com/claim?business=seed-v1-tampa-fl-window-tinting-site-autopaintguard-com"
"Axiom South","sales@axiomsouth.com","https://axiom-south.com/","Mobile, AL; Orange Beach, AL","Fence builders","https://whoknowsapro.com/business/axiom-south","https://whoknowsapro.com/claim?business=seed-v1-orange-beach-al-fence-builders-4"
"Azalea City Heating & Air Conditioning","info@azaleacityac.com","https://azaleacityac.com/about/","Mobile, AL; Orange Beach, AL","HVAC","https://whoknowsapro.com/business/azalea-city-heating-air-conditioning","https://whoknowsapro.com/claim?business=seed-v1-orange-beach-al-hvac-site-azaleacityac-com"
"BA Kitchen & Bath Designs","showroom@bakitchenandbathdesign.com","https://bakitchenandbathdesigns.com/about-us/","Atlanta, GA","Kitchen & bath remodeling","https://whoknowsapro.com/business/ba-kitchen-bath-designs","https://whoknowsapro.com/claim?business=seed-v1-atlanta-ga-kitchen-bath-remodeling-site-bakitchenandbathdesigns-com"
"Baldwin County Generators","generators@gulfshoreselectrical.com","https://baldwincountygenerators.com/about","Mobile, AL; Orange Beach, AL","Generator installation","https://whoknowsapro.com/business/baldwin-county-generators","https://whoknowsapro.com/claim?business=seed-v1-orange-beach-al-generator-installation-site-baldwincountygenerators-com"
"Baldwin County Tree Service","aaronsmith8501@gmail.com","https://www.baldwintree.com/","Daphne, AL; Fairhope, AL; Foley, AL; Gulf Shores, AL; Mobile, AL; Orange Beach, AL","Tree service","https://whoknowsapro.com/business/baldwin-county-tree-service","https://whoknowsapro.com/claim?business=seed-v1-orange-beach-al-tree-service-site-baldwintree-com"
"Baldwin Fence & Deck","baldwinfencedeck@gmail.com","https://baldwinfencedeck.com/","Mobile, AL; Orange Beach, AL","Fence builders","https://whoknowsapro.com/business/baldwin-fence-deck","https://whoknowsapro.com/claim?business=seed-v1-orange-beach-al-fence-builders-site-baldwinfencedeck-com"
"Baldwin Preaux Wash","info@baldwinpreauxwash.com","https://baldwinpreauxwash.com/pages/contact","Mobile, AL; Orange Beach, AL","Pressure washing","https://whoknowsapro.com/business/baldwin-preaux-wash","https://whoknowsapro.com/claim?business=seed-v1-orange-beach-al-pressure-washing-site-baldwinpreauxwash-com"
"Baldwin Removal Services","baldwinremovalservices@gmail.com","https://www.baldwinremovalservices.com/about","Orange Beach, AL","Junk removal","https://whoknowsapro.com/business/baldwin-removal-services","https://whoknowsapro.com/claim?business=verified-v1-orange-beach-al-junk-removal-baldwinremovalservices-com"
"Bama Pools Inc.","bamapools2@icloud.com","https://www.bamapoolsinc.com/new-pool-construction-company","Mobile, AL; Orange Beach, AL","Pool installation","https://whoknowsapro.com/business/bama-pools-inc","https://whoknowsapro.com/claim?business=seed-v1-orange-beach-al-pool-installation-site-bamapoolsinc-com"
"Barber Marina","inquiry@barbermarina.com","https://www.barbermarina.com/contact-us","Mobile, AL; Orange Beach, AL","Marine services","https://whoknowsapro.com/business/barber-marina","https://whoknowsapro.com/claim?business=seed-v1-orange-beach-al-marine-services-4"
"Bath & Kitchen Gallery","joe@tampakitchenandbath.com","https://www.tampakitchenandbath.com/about-the-bath-kitchen-gallery/","Tampa, FL","Kitchen & bath remodeling","https://whoknowsapro.com/business/bath-kitchen-gallery","https://whoknowsapro.com/claim?business=seed-v1-tampa-fl-kitchen-bath-remodeling-2"
"Battiste Tree Service","battistetreeservice@gmail.com","https://www.battistetree.com/contact-us/","Mobile, AL; Orange Beach, AL","Tree service","https://whoknowsapro.com/business/battiste-tree-service","https://whoknowsapro.com/claim?business=seed-v1-orange-beach-al-tree-service-4"
"Bay Brothers Automotive","juansorell@baybrothersauto.com","https://www.baybrothersauto.com/common-questions-about-cooling-system-repair-in-tampa","Tampa, FL","Auto mechanics","https://whoknowsapro.com/business/bay-brothers-automotive","https://whoknowsapro.com/claim?business=seed-v1-tampa-fl-auto-mechanics-site-baybrothersauto-com"
"Bay to Bay Pool Service","baytobaypool@yahoo.com","https://baytobaypool.com/about-us/","Tampa, FL","Pool service","https://whoknowsapro.com/business/bay-to-bay-pool-service","https://whoknowsapro.com/claim?business=seed-v1-tampa-fl-pool-service-site-baytobaypool-com"
"Bay To Beach Pools","baytobeachpoolsllc@gmail.com","https://baytobeachpools.com/","Mobile, AL; Orange Beach, AL","Pool service","https://whoknowsapro.com/business/bay-to-beach-pools","https://whoknowsapro.com/claim?business=seed-v1-orange-beach-al-pool-service-site-baytobeachpools-com"
"Bayfront Window Tinting","bayfrontwindowtinting@gmail.com","https://bayfrontwindowtinting.com/","Mobile, AL; Orange Beach, AL","Window tinting","https://whoknowsapro.com/business/bayfront-window-tinting","https://whoknowsapro.com/claim?business=seed-v1-orange-beach-al-window-tinting-site-bayfrontwindowtinting-com"
"Bayshore Tree Service","info@bayshoretree.com","https://www.bayshoretree.com/about","Tampa, FL","Tree service","https://whoknowsapro.com/business/bayshore-tree-service","https://whoknowsapro.com/claim?business=seed-v1-tampa-fl-tree-service-1"
"Bayside Concrete and Construction","scott@baysidebuildsfl.com","https://baysideconcreteandconstruction.com/about-us/","Tampa, FL","Concrete & driveways","https://whoknowsapro.com/business/bayside-concrete-and-construction","https://whoknowsapro.com/claim?business=seed-v1-tampa-fl-concrete-site-baysideconcreteandconstruction-com"
"Bayside Moving","baysidemovingfla@gmail.com","https://baysidemovingfla.com/contact-us/","Gulf Breeze, FL; Navarre, FL","Movers","https://whoknowsapro.com/business/bayside-moving","https://whoknowsapro.com/claim?business=verified-v1-gulf-breeze-fl-movers-baysidemovingfla-com"
"BayTown Landscaping","petesekul@baytownlawn.com","https://baytownlawn.com/","Gulf Breeze, FL; Navarre, FL; Pensacola, FL; Perdido Key, FL","Landscaping","https://whoknowsapro.com/business/baytown-landscaping","https://whoknowsapro.com/claim?business=seed-v1-pensacola-fl-landscaping-site-baytownlawn-com"
"Beaver Tree Service Inc.","info@beavertreeorlando.com","https://beavertreeorlando.com/contact-us/","Orlando, FL","Tree service","https://whoknowsapro.com/business/beaver-tree-service-inc","https://whoknowsapro.com/claim?business=verified-v1-orlando-fl-tree-service-beavertreeorlando-com"
"Belco Electric","info@belcoinc.com","https://belcoinc.com/about-us/","Atlanta, GA","Electrical","https://whoknowsapro.com/business/belco-electric","https://whoknowsapro.com/claim?business=seed-v1-atlanta-ga-electrical-site-belcoinc-com"
"Bell Roofing","bellroofing@bellroofingco.com","https://www.bellroofingco.com/contact/","Atlanta, GA","Roofing","https://whoknowsapro.com/business/bell-roofing","https://whoknowsapro.com/claim?business=seed-v1-atlanta-ga-roofing-site-bellroofingco-com"
"Bentz Pressure Washing","tyler@bentzpressurewashing.com","https://bentzpressurewashing.com/about","Fort Lauderdale, FL","Pressure washing","https://whoknowsapro.com/business/bentz-pressure-washing","https://whoknowsapro.com/claim?business=verified-v1-fort-lauderdale-fl-pressure-washing-bentzpressurewashing-com"
"Best Termite & Pest Control","best@bestpestmanagement.com","https://www.bestpestmanagement.com/","Tampa, FL","Pest control","https://whoknowsapro.com/business/best-termite-pest-control","https://whoknowsapro.com/claim?business=seed-v1-tampa-fl-pest-control-3"
"Bird Family HVAC & Insulation","beau@birdinsulation.com","https://birdinsulation.com/contact-us/","Atlanta, GA","Insulation","https://whoknowsapro.com/business/bird-family-hvac-insulation","https://whoknowsapro.com/claim?business=seed-v1-atlanta-ga-insulation-site-birdinsulation-com"
"Birken Concrete LLC","lindy@birkeninc.com","https://birkenconcrete.com/contact/","Jacksonville, FL","Concrete & driveways","https://whoknowsapro.com/business/birken-concrete-llc","https://whoknowsapro.com/claim?business=verified-v1-jacksonville-fl-concrete-birkenconcrete-com"
"Black Built Construction","blackbuiltconstruction@gmail.com","https://blackbuiltconstruction.com/about-us","Mobile, AL; Orange Beach, AL","Fence builders","https://whoknowsapro.com/business/black-built-construction","https://whoknowsapro.com/claim?business=seed-v1-orange-beach-al-fence-builders-site-blackbuiltconstruction-com"
"Blue Water Pool Service LLC","bluewaterpoolservicellc@gmail.com","https://www.pensacolapoolservice.com/","Gulf Breeze, FL; Navarre, FL; Pensacola, FL; Perdido Key, FL","Pool service","https://whoknowsapro.com/business/blue-water-pool-service-llc","https://whoknowsapro.com/claim?business=seed-v1-pensacola-fl-pool-service-site-pensacolapoolservice-com"
"Bluefin Contracting & Design","customerservice@bluefincd.com","https://bluefincd.com/contact/","Mobile, AL; Orange Beach, AL","Pool installation","https://whoknowsapro.com/business/bluefin-contracting-design","https://whoknowsapro.com/claim?business=seed-v1-orange-beach-al-pool-installation-site-bluefincd-com"
"Boat Services Barnett LLC","bsb1ob@hotmail.com","https://boatservicebarnettllc.com/contact-us/","Mobile, AL; Orange Beach, AL","Marine services","https://whoknowsapro.com/business/boat-services-barnett-llc","https://whoknowsapro.com/claim?business=seed-v1-orange-beach-al-marine-services-site-boatservicebarnettllc-com"
"Boyle's Aluminum & Screening","info@boylesaluminum.com","https://www.boylesaluminum.com/contact-us-pool-screening-repair-cage-dunedin-palm-harbor-oldsmar-tampa-tarponsprings-fl.htm","Tampa, FL","Screen enclosures & pool cages","https://whoknowsapro.com/business/boyle-s-aluminum-screening","https://whoknowsapro.com/claim?business=seed-v1-tampa-fl-screen-enclosures-pool-cages-site-boylesaluminum-com"
"Bradford Marine","service@bradford-marine.com","https://bradford-marine.com/contact-us/","Fort Lauderdale, FL","Marine services","https://whoknowsapro.com/business/bradford-marine","https://whoknowsapro.com/claim?business=verified-v1-fort-lauderdale-fl-marine-services-bradford-marine-com"
"Bravo Fence Company","info@bravofenceteam.com","https://bravofencecompany.com/about-us/","Atlanta, GA","Fence builders","https://whoknowsapro.com/business/bravo-fence-company","https://whoknowsapro.com/claim?business=seed-v1-atlanta-ga-fence-builders-site-bravofencecompany-com"
"Breeze Pest Control","team@breezepestcontrol.co","https://breezepestcontrol.co/","Gulf Breeze, FL; Navarre, FL; Pensacola, FL; Perdido Key, FL","Pest control","https://whoknowsapro.com/business/breeze-pest-control","https://whoknowsapro.com/claim?business=seed-v1-pensacola-fl-pest-control-2"
"Breezer Pools LLC","breezerpools@gmail.com","https://breezerpools.com/","Gulf Breeze, FL; Navarre, FL; Pensacola, FL; Perdido Key, FL","Pool service","https://whoknowsapro.com/business/breezer-pools-llc","https://whoknowsapro.com/claim?business=seed-v1-pensacola-fl-pool-service-site-breezerpools-com"
"Brooking Handyman","brookinghandyman@gmail.com","https://brookinghandyman.com/","Gulf Breeze, FL; Navarre, FL; Pensacola, FL; Perdido Key, FL","Handyman","https://whoknowsapro.com/business/brooking-handyman","https://whoknowsapro.com/claim?business=seed-v1-pensacola-fl-handyman-2"
"Brooks Lock & Key","john@brookslock.com","https://www.brookslock.com/contact-us","Huntsville, AL","Locksmith","https://whoknowsapro.com/business/brooks-lock-key","https://whoknowsapro.com/claim?business=verified-v1-huntsville-al-locksmith-brookslock-com"
"Brown's Painting","boomer@callbrownspainting.com","https://www.callbrownspainting.com/about","Mobile, AL; Orange Beach, AL","Painting","https://whoknowsapro.com/business/brown-s-painting","https://whoknowsapro.com/claim?business=seed-v1-orange-beach-al-painting-site-callbrownspainting-com"
"Bruko Construction","brukoconstruction@gmail.com","https://www.brukoconstruction.com/about-us/","Tampa, FL","Screen enclosures & pool cages","https://whoknowsapro.com/business/bruko-construction","https://whoknowsapro.com/claim?business=seed-v1-tampa-fl-screen-enclosures-pool-cages-site-brukoconstruction-com"
"Brunson Air Conditioning & Heating","office@brunsonair.com","https://www.brunsonair.com/about-us","Mobile, AL; Orange Beach, AL","Insulation","https://whoknowsapro.com/business/brunson-air-conditioning-heating","https://whoknowsapro.com/claim?business=seed-v1-orange-beach-al-insulation-site-brunsonair-com-insulation"
"Buccaneer Plumbing","peter@buccaneerplumbing.com","https://www.buccaneerplumbing.com/","Tampa, FL","Plumbing","https://whoknowsapro.com/business/buccaneer-plumbing","https://whoknowsapro.com/claim?business=seed-v1-tampa-fl-plumbing-site-buccaneerplumbing-com"
"Bug Out Service","office@bugoutwf.com","https://www.bugoutwf.com/about/careers","Gulf Breeze, FL; Navarre, FL; Pensacola, FL; Perdido Key, FL","Pest control","https://whoknowsapro.com/business/bug-out-service","https://whoknowsapro.com/claim?business=seed-v1-pensacola-fl-pest-control-4"
"Bullseye Tree Service","rbabington@knology.net","https://www.bullseyetreeservice-al.com/about","Montgomery, AL","Tree service","https://whoknowsapro.com/business/bullseye-tree-service","https://whoknowsapro.com/claim?business=verified-v1-montgomery-al-tree-service-bullseyetreeservice-al-com"
"Burks Remodeling","david@burksremodel.com","https://burksremodel.com/","Mobile, AL; Orange Beach, AL","Kitchen & bath remodeling","https://whoknowsapro.com/business/burks-remodeling","https://whoknowsapro.com/claim?business=seed-v1-orange-beach-al-kitchen-bath-remodeling-site-burksremodel-com"
"C. Mason Concrete","c.masonconcreteofficemanager@gmail.com","https://www.cmasonconcrete.com/contact","Biloxi, MS; Gulfport, MS","Concrete & driveways","https://whoknowsapro.com/business/c-mason-concrete","https://whoknowsapro.com/claim?business=verified-v1-biloxi-ms-concrete-cmasonconcrete-com"
"Cameron's Painting","cameronspaintingfl@gmail.com","https://www.cameronspaintingllc.com/contact-us","Gulf Breeze, FL; Navarre, FL; Pensacola, FL; Perdido Key, FL","Painting","https://whoknowsapro.com/business/cameron-s-painting","https://whoknowsapro.com/claim?business=seed-v1-pensacola-fl-painting-site-cameronspaintingllc-com"
"Capelouto Termite & Pest Control","info@capelouto.com","https://www.capeloutopestcontrol.com/contact-us/","Tallahassee, FL","Pest control","https://whoknowsapro.com/business/capelouto-termite-pest-control","https://whoknowsapro.com/claim?business=verified-v1-tallahassee-fl-pest-control-capeloutopestcontrol-com"
"Capital City Locksmith","service@capitalcitylocksmith.com","https://www.capitalcitylocksmith.com/","Tallahassee, FL","Locksmith","https://whoknowsapro.com/business/capital-city-locksmith","https://whoknowsapro.com/claim?business=verified-v1-tallahassee-fl-locksmith-capitalcitylocksmith-com"
"Car World Paint & Body Shop","info@carworldpaint.com","https://www.carworldpaint.com/contact","Miami, FL","Auto body & collision","https://whoknowsapro.com/business/car-world-paint-body-shop","https://whoknowsapro.com/claim?business=verified-v1-miami-fl-auto-body-collision-carworldpaint-com"
"CardsHQ","hello@cardshq.com","https://www.cardshq.com/pages/contact-information","Atlanta, GA","Trading card stores","https://whoknowsapro.com/business/cardshq","https://whoknowsapro.com/claim?business=seed-v1-atlanta-ga-trading-card-stores-site-cardshq-com"
"Carp's Rain Gutters","carpsrgf@gmail.com","https://carpsraingutters.com/about/","Mobile, AL","Gutters","https://whoknowsapro.com/business/carp-s-rain-gutters","https://whoknowsapro.com/claim?business=verified-v1-mobile-al-gutters-carpsraingutters-com"
"Casaplanta Landscape Division","landscapesolutions@casaplantamiami.com","https://www.casaplantamiami.com/contact/","Miami, FL","Landscaping; Lawn care","https://whoknowsapro.com/business/casaplanta-landscape-division","https://whoknowsapro.com/claim?business=verified-v1-miami-fl-lawn-care-casaplantamiami-com"
"CAT Recovery Services","info@catrecoveryservices.com","https://catrecoveryservices.com/contact/","Atlanta, GA","Water damage & mold remediation","https://whoknowsapro.com/business/cat-recovery-services","https://whoknowsapro.com/claim?business=seed-v1-atlanta-ga-water-damage-mold-remediation-site-catrecoveryservices-com"
"Century Collision Center","centurycc@centuryauto.com","https://www.centuryautocollision.com/our-team","Huntsville, AL","Auto body & collision","https://whoknowsapro.com/business/century-collision-center","https://whoknowsapro.com/claim?business=verified-v1-huntsville-al-auto-body-collision-centuryautocollision-com"
"Changing Spaces Moving","hello@changingspacesmoving.com","https://www.changingspacesmoving.com/corporate-relocation-guide/","Huntsville, AL","Movers","https://whoknowsapro.com/business/changing-spaces-moving","https://whoknowsapro.com/claim?business=verified-v1-huntsville-al-movers-changingspacesmoving-com"
"Chavers Construction","contact@chaversinc.com","https://chaversinc.com/contact/us.html","Gulf Breeze, FL; Navarre, FL; Pensacola, FL; Perdido Key, FL","Concrete & driveways","https://whoknowsapro.com/business/chavers-construction","https://whoknowsapro.com/claim?business=seed-v1-pensacola-fl-concrete-site-chaversinc-com"
"Chem-Dry of Acadiana & Greater Baton Rouge","info@chemdryacadiana.com","https://www.chemdryacadiana.com/about/","Baton Rouge, LA","Carpet cleaning","https://whoknowsapro.com/business/chem-dry-of-acadiana-greater-baton-rouge","https://whoknowsapro.com/claim?business=verified-v1-baton-rouge-la-carpet-cleaning-chemdryacadiana-com"
"Clean Steam USA","support@cleansteamusa.com","https://cleansteamusa.com/contact-copy/","Crestview, FL; Destin, FL; Fort Walton Beach, FL; Panama City Beach, FL","Carpet cleaning","https://whoknowsapro.com/business/clean-steam-usa","https://whoknowsapro.com/claim?business=verified-v1-destin-fl-carpet-cleaning-cleansteamusa-com"
"CMC Door Service","info@cmcdoorservice.com","https://cmcdoorservice.com/aboutus/","Miami, FL","Garage door repair","https://whoknowsapro.com/business/cmc-door-service","https://whoknowsapro.com/claim?business=verified-v1-miami-fl-garage-door-repair-cmcdoorservice-com"
"Coastal Tile Installation","support@mycoastaltile.com","https://www.mycoastaltile.com/about","Tampa, FL","Kitchen & bath remodeling","https://whoknowsapro.com/business/coastal-tile-installation","https://whoknowsapro.com/claim?business=seed-v1-tampa-fl-kitchen-bath-remodeling-site-mycoastaltile-com"
"Coastline Insulation","info@coastlineinsulation.com","https://coastlineinsulation.com/about-us/","Crestview, FL; Destin, FL; Fort Walton Beach, FL; Gulf Breeze, FL; Milton, FL; Navarre, FL; Pace, FL; Panama City Beach, FL; Pensacola, FL; Perdido Key, FL","Insulation","https://whoknowsapro.com/business/coastline-insulation","https://whoknowsapro.com/claim?business=seed-v1-pensacola-fl-insulation-site-coastlineinsulation-com"
"Cockrell's Body Shop","info@cockrellsbodyshop.com","https://cockrellsbodyshop.com/about-us/","Daphne, AL; Fairhope, AL; Foley, AL; Gulf Shores, AL","Auto body & collision","https://whoknowsapro.com/business/cockrell-s-body-shop","https://whoknowsapro.com/claim?business=verified-v1-gulf-shores-al-auto-body-collision-cockrellsbodyshop-com"
"Collision 2000","collision2000wpb@gmail.com","https://www.westpalmbeachautobodycenter.com/contact/","West Palm Beach, FL","Auto body & collision","https://whoknowsapro.com/business/collision-2000","https://whoknowsapro.com/claim?business=verified-v1-west-palm-beach-fl-auto-body-collision-westpalmbeachautobodycenter-com"
"Comfort Air","info@comfortairfl.com","https://www.comfortairfl.com/about-us/","Tampa, FL","HVAC","https://whoknowsapro.com/business/comfort-air","https://whoknowsapro.com/claim?business=seed-v1-tampa-fl-hvac-site-comfortairfl-com"
"Complete Roofing","shelly@roofing-it.com","https://roofing-it.com/locations","Gulf Breeze, FL; Navarre, FL; Pensacola, FL; Perdido Key, FL","Roofing","https://whoknowsapro.com/business/complete-roofing","https://whoknowsapro.com/claim?business=seed-v1-pensacola-fl-roofing-site-roofing-it-com"
"Coogan Lawn & Landscape","cooganlandscape@gmail.com","https://cooganlandscape.com/contact/","Mobile, AL; Orange Beach, AL","Landscaping","https://whoknowsapro.com/business/coogan-lawn-landscape","https://whoknowsapro.com/claim?business=seed-v1-orange-beach-al-landscaping-site-cooganlandscape-com"
"Cox Pools","info@coxpoolsse.com","https://www.coxpoolsse.com/contact-us/","Mobile, AL; Orange Beach, AL","Pool installation","https://whoknowsapro.com/business/cox-pools-coxpoolsse-com","https://whoknowsapro.com/claim?business=seed-v1-orange-beach-al-pool-installation-4"
"Cox Pools","service@coxpoolsinc.com","https://coxpoolsinc.com/contact-us/","Birmingham, AL","Pool installation; Pool service","https://whoknowsapro.com/business/cox-pools-coxpoolsinc-com","https://whoknowsapro.com/claim?business=verified-v1-birmingham-al-pool-service-coxpoolsinc-com"
"Creighton Pools","creightonpools@gmail.com","https://creightonpools.com/","Mobile, AL; Orange Beach, AL","Pool service","https://whoknowsapro.com/business/creighton-pools","https://whoknowsapro.com/claim?business=seed-v1-orange-beach-al-pool-service-site-creightonpools-com"
"Critical Hit Games","contact@criticalhitgames.biz","https://criticalhitgames.biz/","St. Petersburg, FL","Trading card stores","https://whoknowsapro.com/business/critical-hit-games","https://whoknowsapro.com/claim?business=verified-v1-st-petersburg-fl-trading-card-stores-criticalhitgames-biz"
"Cullinan Kitchen & Bath","hello@cullinankb.com","https://cullinankb.com/","Sarasota, FL","Flooring; Kitchen & bath remodeling","https://whoknowsapro.com/business/cullinan-kitchen-bath","https://whoknowsapro.com/claim?business=verified-v1-sarasota-fl-kitchen-bath-remodeling-cullinankb-com"
"Custom Sunrooms & Siding","andrew_crutchfield@yahoo.com","https://customsunroomsandsiding.com/about","Mobile, AL; Orange Beach, AL","Screen enclosures & pool cages","https://whoknowsapro.com/business/custom-sunrooms-siding","https://whoknowsapro.com/claim?business=seed-v1-orange-beach-al-screen-enclosures-pool-cages-site-customsunroomsandsiding-com"
"Custom Tile & Design","customtile123@yahoo.com","https://www.pensacolatile.com/","Gulf Breeze, FL; Navarre, FL; Pensacola, FL; Perdido Key, FL","Kitchen & bath remodeling","https://whoknowsapro.com/business/custom-tile-design","https://whoknowsapro.com/claim?business=seed-v1-pensacola-fl-kitchen-bath-remodeling-site-pensacolatile-com"
"CW Services LLC","info@pensacolafencefl.com","https://pensacolafencefl.com/about-us","Gulf Breeze, FL; Navarre, FL; Pensacola, FL; Perdido Key, FL","Fence builders","https://whoknowsapro.com/business/cw-services-llc","https://whoknowsapro.com/claim?business=seed-v1-pensacola-fl-fence-builders-site-pensacolafencefl-com"
"Da' Water Werks","dawaterwerks@gmail.com","https://www.dawaterwerks.com/contact","Mobile, AL; Orange Beach, AL","Plumbing","https://whoknowsapro.com/business/da-water-werks","https://whoknowsapro.com/claim?business=seed-v1-orange-beach-al-plumbing-site-dawaterwerks-com"
"Dave's Handyman","dave@davefixes.com","https://davefixes.com/","Daphne, AL; Fairhope, AL; Foley, AL; Gulf Shores, AL; Mobile, AL; Orange Beach, AL","Handyman","https://whoknowsapro.com/business/dave-s-handyman","https://whoknowsapro.com/claim?business=seed-v1-orange-beach-al-handyman-site-davefixes-com"
"DC Enclosures","sales@dcenclosures.com","https://dcenclosures.com/company/","Atlanta, GA","Screen enclosures & pool cages","https://whoknowsapro.com/business/dc-enclosures","https://whoknowsapro.com/claim?business=seed-v1-atlanta-ga-screen-enclosures-pool-cages-site-dcenclosures-com"
"DC Mechanics Auto Repair","dcmechanics.al@gmail.com","https://dcmechanicsal.com/about-us/","Mobile, AL; Orange Beach, AL","Auto mechanics","https://whoknowsapro.com/business/dc-mechanics-auto-repair","https://whoknowsapro.com/claim?business=seed-v1-orange-beach-al-auto-mechanics-site-dcmechanicsal-com"
"DC PRO Painting","contact@dcpropaint.com","https://www.dcpropaint.com/about-tampa-painting","Tampa, FL","Painting","https://whoknowsapro.com/business/dc-pro-painting","https://whoknowsapro.com/claim?business=seed-v1-tampa-fl-painting-site-dcpropaint-com"
"Delta Marine Service, Inc.","rudycruz@deltamarineinc.com","https://deltamarineinc.com/contact-us/","Mobile, AL; Orange Beach, AL","Marine services","https://whoknowsapro.com/business/delta-marine-service-inc","https://whoknowsapro.com/claim?business=seed-v1-orange-beach-al-marine-services-site-deltamarineinc-com"
"Dempsey's Tree & Land","dempseyhes@gmail.com","https://www.dempseystreeandland.com/about-us","Gulf Breeze, FL; Navarre, FL; Pensacola, FL; Perdido Key, FL","Tree service","https://whoknowsapro.com/business/dempsey-s-tree-land","https://whoknowsapro.com/claim?business=seed-v1-pensacola-fl-tree-service-3"
"Derek Gill Marine Service LLC","dmgill321@gmail.com","https://pensacolaboatrepair.com/","Gulf Breeze, FL; Navarre, FL; Pensacola, FL; Perdido Key, FL","Marine services","https://whoknowsapro.com/business/derek-gill-marine-service-llc","https://whoknowsapro.com/claim?business=seed-v1-pensacola-fl-marine-services-site-pensacolaboatrepair-com"
"Divine Pools","jake@thedivinepools.com","https://thedivinepools.com/locations/","Mobile, AL; Orange Beach, AL","Pool installation","https://whoknowsapro.com/business/divine-pools","https://whoknowsapro.com/claim?business=seed-v1-orange-beach-al-pool-installation-site-thedivinepools-com"
"Dixie Electric, Plumbing & Air","john@calldixie.com","https://calldixie.com/about/management/","Montgomery, AL","Electrical; Generator installation; HVAC; Plumbing","https://whoknowsapro.com/business/dixie-electric-plumbing-air","https://whoknowsapro.com/claim?business=verified-v1-montgomery-al-hvac-calldixie-com"
"DogGoneHandy","info@doggonehandy.com","https://doggonehandy.com/contact/","Atlanta, GA","Handyman","https://whoknowsapro.com/business/doggonehandy","https://whoknowsapro.com/claim?business=seed-v1-atlanta-ga-handyman-site-doggonehandy-com"
"Dolphin Tree Service","info@dolphintreeservice.com","https://dolphintreewpb.com/about-us/","West Palm Beach, FL","Tree service","https://whoknowsapro.com/business/dolphin-tree-service","https://whoknowsapro.com/claim?business=verified-v1-west-palm-beach-fl-tree-service-dolphintreewpb-com"
"DOM Roofing & Restoration","info@domroofing.com","https://www.domroofing.com/contact/","Atlanta, GA","Roofing","https://whoknowsapro.com/business/dom-roofing-restoration","https://whoknowsapro.com/claim?business=seed-v1-atlanta-ga-roofing-site-domroofing-com"
"Double AA Construction","info@doubleaaconst.com","https://www.doubleaaconst.com/about-us","Mobile, AL; Orange Beach, AL","Roofing","https://whoknowsapro.com/business/double-aa-construction","https://whoknowsapro.com/claim?business=seed-v1-orange-beach-al-roofing-site-doubleaaconst-com"
"Down to Earth Lawn Services","krgr_heins@yahoo.com","https://dtelawnservices.com/","Gulf Breeze, FL; Navarre, FL; Pensacola, FL; Perdido Key, FL","Landscaping; Lawn care","https://whoknowsapro.com/business/down-to-earth-lawn-services","https://whoknowsapro.com/claim?business=seed-v1-pensacola-fl-landscaping-4"
"Dr. Handyman Service","drhandymanservicelead@gmail.com","https://drhandymanservicemiamidade.com/","Miami, FL","Handyman","https://whoknowsapro.com/business/dr-handyman-service","https://whoknowsapro.com/claim?business=verified-v1-miami-fl-handyman-drhandymanservicemiamidade-com"
"DRI Gulf Coast","jack.galletta@drigulfcoast.com","https://www.drigulfcoast.com/about-us","Mobile, AL; Orange Beach, AL","Water damage & mold remediation","https://whoknowsapro.com/business/dri-gulf-coast","https://whoknowsapro.com/claim?business=seed-v1-orange-beach-al-water-damage-mold-remediation-site-drigulfcoast-com"
"DryZone Inc.","office@dryzoneinc.net","https://www.dryzoneinc.net/about","Fort Myers, FL; Naples, FL","Water damage & mold remediation","https://whoknowsapro.com/business/dryzone-inc","https://whoknowsapro.com/claim?business=verified-v1-fort-myers-fl-water-damage-mold-remediation-dryzoneinc-net"
"Dynamo Collectibles","dynamotcg@gmail.com","https://dynamocollects.com/about/","Fort Myers, FL","Trading card stores","https://whoknowsapro.com/business/dynamo-collectibles","https://whoknowsapro.com/claim?business=verified-v1-fort-myers-fl-trading-card-stores-dynamocollects-com"
"Dyson Plumbing","service@dysonplumbing.com","https://www.dysonplumbing.com/about-us","Mobile, AL; Orange Beach, AL","Plumbing","https://whoknowsapro.com/business/dyson-plumbing","https://whoknowsapro.com/claim?business=seed-v1-orange-beach-al-plumbing-site-dysonplumbing-com"
"Eastern Shore Window Tinting","chrissingl@gmail.com","https://easternshoretinting.com/contact-us/","Mobile, AL; Orange Beach, AL","Window tinting","https://whoknowsapro.com/business/eastern-shore-window-tinting","https://whoknowsapro.com/claim?business=seed-v1-orange-beach-al-window-tinting-site-easternshoretinting-com"
"Easy Pour Concrete","info@easypourconcrete.com","https://easypourconcrete.com/","Mobile, AL; Orange Beach, AL","Concrete & driveways","https://whoknowsapro.com/business/easy-pour-concrete","https://whoknowsapro.com/claim?business=seed-v1-orange-beach-al-concrete-3"
"Echo Pool Services","echopoolservices@verizon.net","https://echopoolservices.com/","Tampa, FL","Pool service","https://whoknowsapro.com/business/echo-pool-services","https://whoknowsapro.com/claim?business=seed-v1-tampa-fl-pool-service-site-echopoolservices-com"
"Eco Three","jonathan@eco-three.com","https://www.eco-three.com/about-us/energy-experts/","Mobile, AL; Orange Beach, AL","Insulation","https://whoknowsapro.com/business/eco-three","https://whoknowsapro.com/claim?business=seed-v1-orange-beach-al-insulation-3"
"EcoPest Termite and Pest Control, Inc.","ecopestemeraldcoast@gmail.com","https://www.ecopestemeraldcoast.com/about","Gulf Breeze, FL; Navarre, FL; Pensacola, FL; Perdido Key, FL","Pest control","https://whoknowsapro.com/business/ecopest-termite-and-pest-control-inc","https://whoknowsapro.com/claim?business=seed-v1-pensacola-fl-pest-control-site-ecopestemeraldcoast-com"
"Edgewater Roofing","request@edgewaterroofing.com","https://edgewaterroofing.com/about/","Gulf Breeze, FL; Navarre, FL; Pensacola, FL; Perdido Key, FL","Roofing","https://whoknowsapro.com/business/edgewater-roofing","https://whoknowsapro.com/claim?business=seed-v1-pensacola-fl-roofing-site-edgewaterroofing-com"
"Edwards Building & Design","bobedwards1@att.net","https://edwardsbuildinganddesign.com/","Gulf Breeze, FL; Navarre, FL; Pensacola, FL; Perdido Key, FL","Kitchen & bath remodeling","https://whoknowsapro.com/business/edwards-building-design","https://whoknowsapro.com/claim?business=seed-v1-pensacola-fl-kitchen-bath-remodeling-site-edwardsbuildinganddesign-com"
"EFH Contracting, LLC","efhcontracting@yahoo.com","https://efhcontracting.com/contact-us","Gulf Breeze, FL; Navarre, FL; Pensacola, FL; Perdido Key, FL","Flooring; Handyman","https://whoknowsapro.com/business/efh-contracting-llc","https://whoknowsapro.com/claim?business=seed-v1-pensacola-fl-handyman-site-efhcontracting-com"
"Electric Connections","electricconnectionsinc@gmail.com","https://www.electricconnectionsinc.com/contact-us/","Atlanta, GA","Electrical","https://whoknowsapro.com/business/electric-connections","https://whoknowsapro.com/claim?business=seed-v1-atlanta-ga-electrical-site-electricconnectionsinc-com"
"Electrical Contractors of Georgia","office@electricalcga.com","https://electricalcga.com/","Atlanta, GA","Electrical","https://whoknowsapro.com/business/electrical-contractors-of-georgia","https://whoknowsapro.com/claim?business=seed-v1-atlanta-ga-electrical-site-electricalcga-com"
"Elite Services Quality Clean","office@elitequalityclean.com","https://www.elitequalityclean.com/about-us","Milton, FL; Pace, FL","Carpet cleaning","https://whoknowsapro.com/business/elite-services-quality-clean","https://whoknowsapro.com/claim?business=verified-v1-milton-fl-carpet-cleaning-elitequalityclean-com"
"Embree Marine Service","info@embreemarine.com","https://www.embreemarine.com/","Tampa, FL","Marine services","https://whoknowsapro.com/business/embree-marine-service","https://whoknowsapro.com/claim?business=seed-v1-tampa-fl-marine-services-site-embreemarine-com"
"Emerald Coast Fiberglass Pools","ericnelsonpools@gmail.com","https://www.emeraldcoastfiberglasspools.com/about","Gulf Breeze, FL; Navarre, FL; Pensacola, FL; Perdido Key, FL","Pool installation","https://whoknowsapro.com/business/emerald-coast-fiberglass-pools","https://whoknowsapro.com/claim?business=seed-v1-pensacola-fl-pool-installation-site-emeraldcoastfiberglasspools-com"
"Emerald Coast Landscaping","office@emeraldcoastlandscaping.com","https://emeraldcoastlandscaping.com/","Mobile, AL; Orange Beach, AL","Landscaping","https://whoknowsapro.com/business/emerald-coast-landscaping","https://whoknowsapro.com/claim?business=seed-v1-orange-beach-al-landscaping-site-emeraldcoastlandscaping-com"
"Emerald Coast Paving","estimates@emeraldcoastpaving.com","https://www.emeraldcoastpaving.com/","Crestview, FL; Destin, FL; Fort Walton Beach, FL; Milton, FL; Pace, FL; Panama City Beach, FL","Concrete & driveways","https://whoknowsapro.com/business/emerald-coast-paving","https://whoknowsapro.com/claim?business=verified-v1-destin-fl-concrete-emeraldcoastpaving-com"
"Emerald Coast Premier Roofing","kwagner@eprcusa.com","https://www.eprcusa.com/about-us","Gulf Breeze, FL; Navarre, FL; Pensacola, FL; Perdido Key, FL","Roofing","https://whoknowsapro.com/business/emerald-coast-premier-roofing","https://whoknowsapro.com/claim?business=seed-v1-pensacola-fl-roofing-site-eprcusa-com"
"Empire Heating & Air Conditioning","forms@empirehvac.com","https://empirehvac.com/about/special-offers/","Atlanta, GA","HVAC","https://whoknowsapro.com/business/empire-heating-air-conditioning","https://whoknowsapro.com/claim?business=seed-v1-atlanta-ga-hvac-site-empirehvac-com"
"Energy Control Insulation","info@energycontrolinsulation.com","https://www.energycontrolinsulation.com/about-us","Daphne, AL; Fairhope, AL; Foley, AL; Gulf Shores, AL; Mobile, AL; Orange Beach, AL","Insulation","https://whoknowsapro.com/business/energy-control-insulation","https://whoknowsapro.com/claim?business=seed-v1-orange-beach-al-insulation-site-energycontrolinsulation-com"
"Energy Systems Air Conditioning & Heating","info@energysystemsgeo.com","https://energysystemsgeo.com/about-us/","Gulf Breeze, FL; Navarre, FL; Pensacola, FL; Perdido Key, FL","Insulation","https://whoknowsapro.com/business/energy-systems-air-conditioning-heating","https://whoknowsapro.com/claim?business=seed-v1-pensacola-fl-insulation-site-energysystemsgeo-com"
"Ensley Landscaping LLC","ensleymark99@gmail.com","https://www.ensleyoutdoors.com/contact-ensley-landscaping","Gulf Breeze, FL; Navarre, FL; Pensacola, FL; Perdido Key, FL","Landscaping","https://whoknowsapro.com/business/ensley-landscaping-llc","https://whoknowsapro.com/claim?business=seed-v1-pensacola-fl-landscaping-site-ensleyoutdoors-com"
"Ensley Septic Tank Service","ensleyseptic7@att.net","https://www.ensleyseptic.com/contact","Pensacola, FL","Septic services","https://whoknowsapro.com/business/ensley-septic-tank-service","https://whoknowsapro.com/claim?business=verified-v1-pensacola-fl-septic-services-ensleyseptic-com"
"ER Appliance Repair","erapplianceinfo@gmail.com","https://www.erappliance.com/about","Tampa, FL","Appliance repair","https://whoknowsapro.com/business/er-appliance-repair","https://whoknowsapro.com/claim?business=verified-v1-tampa-fl-appliance-repair-erappliance-com"
"EVERYDAYPLUMBER.com","info@everydayplumber.com","https://everydayplumber.com/contact/","Tampa, FL","Plumbing","https://whoknowsapro.com/business/everydayplumber-com","https://whoknowsapro.com/claim?business=seed-v1-tampa-fl-plumbing-site-everydayplumber-com"
"Experts Plumbing Services","office@expertsplumbingservices.com","https://expertsplumbingservices.com/about/","Tampa, FL","Plumbing","https://whoknowsapro.com/business/experts-plumbing-services","https://whoknowsapro.com/claim?business=seed-v1-tampa-fl-plumbing-site-expertsplumbingservices-com"
"Exterior Design Landscaping","info@myexteriondesignlandscaping.com","https://myexteriordesignlandscaping.com/contact-us","Mobile, AL; Orange Beach, AL","Landscaping","https://whoknowsapro.com/business/exterior-design-landscaping","https://whoknowsapro.com/claim?business=seed-v1-orange-beach-al-landscaping-2"
"Fagan's Custom Pools","rfagan9815@aol.com","https://www.faganscustompools.com/about","Gulf Breeze, FL; Navarre, FL; Pensacola, FL; Perdido Key, FL","Pool installation","https://whoknowsapro.com/business/fagan-s-custom-pools","https://whoknowsapro.com/claim?business=seed-v1-pensacola-fl-pool-installation-4"
"Fan2Fan L.L.C.","fan2fancollectiblesllc@gmail.com","https://fan2fancollectibles.com/","Milton, FL","Trading card stores","https://whoknowsapro.com/business/fan2fan-l-l-c","https://whoknowsapro.com/claim?business=verified-v1-milton-fl-trading-card-stores-fan2fancollectibles-com"
"Farrington Productions","farringtonproductionsllc@gmail.com","https://farringtonpro.com/contact","Gulf Breeze, FL; Navarre, FL; Pensacola, FL; Perdido Key, FL","Screen enclosures & pool cages","https://whoknowsapro.com/business/farrington-productions","https://whoknowsapro.com/claim?business=seed-v1-pensacola-fl-screen-enclosures-pool-cages-site-farringtonpro-com"
"Fence and Outdoor Services","kdfenceandoutdoorservicesllc@gmail.com","https://www.kdfenceservices.com/contact-fence-services","Gulf Breeze, FL; Navarre, FL; Pensacola, FL; Perdido Key, FL","Fence builders","https://whoknowsapro.com/business/fence-and-outdoor-services","https://whoknowsapro.com/claim?business=seed-v1-pensacola-fl-fence-builders-4"
"Fence Line Construction","fenceline504@gmail.com","https://fencelineusa.com/about/","New Orleans, LA","Concrete & driveways; Fence builders","https://whoknowsapro.com/business/fence-line-construction","https://whoknowsapro.com/claim?business=verified-v1-new-orleans-la-fence-builders-fencelineusa-com"
"Fenelon Handyman Services","info@fenelonhandymanservices.com","https://fenelonhandymanservices.com/about","Tampa, FL","Handyman","https://whoknowsapro.com/business/fenelon-handyman-services","https://whoknowsapro.com/claim?business=seed-v1-tampa-fl-handyman-site-fenelonhandymanservices-com"
"Fields Roofing","fr@fieldsroofing.net","https://www.fieldsroofing.net/about-us","Gulf Breeze, FL; Navarre, FL; Pensacola, FL; Perdido Key, FL","Roofing","https://whoknowsapro.com/business/fields-roofing","https://whoknowsapro.com/claim?business=seed-v1-pensacola-fl-roofing-site-fieldsroofing-net"
"Finch's Tree Service","finchestreeservice@gmail.com","https://finchstreeservice.com/about/","Mobile, AL; Orange Beach, AL","Tree service","https://whoknowsapro.com/business/finch-s-tree-service","https://whoknowsapro.com/claim?business=seed-v1-orange-beach-al-tree-service-site-finchstreeservice-com"
"Fireman Termite & Pest Control","info@firemanpest.com","https://firemanpest.com/contact-us/","Gulf Breeze, FL; Navarre, FL; Pensacola, FL; Perdido Key, FL","Pest control","https://whoknowsapro.com/business/fireman-termite-pest-control","https://whoknowsapro.com/claim?business=seed-v1-pensacola-fl-pest-control-site-firemanpest-com"
"First Time Marine","max.mcnary85@gmail.com","https://www.firsttimemarine.com/about","Clearwater, FL; St. Petersburg, FL","Marine services","https://whoknowsapro.com/business/first-time-marine","https://whoknowsapro.com/claim?business=verified-v1-st-petersburg-fl-marine-services-firsttimemarine-com"
"Fix Tampa","request@fixtampa.com","https://www.fixtampa.com/","Tampa, FL","Handyman","https://whoknowsapro.com/business/fix-tampa","https://whoknowsapro.com/claim?business=seed-v1-tampa-fl-handyman-1"
"FL-Air Heating & Cooling","office@flairhvac.com","https://www.flairhvac.com/about-us/","Tampa, FL","HVAC","https://whoknowsapro.com/business/fl-air-heating-cooling","https://whoknowsapro.com/claim?business=seed-v1-tampa-fl-hvac-site-flairhvac-com"
"Flat Island Boatworks, LLC","contact@flatislandboatworks.com","https://www.flatislandboatworks.com/about/","Gulf Breeze, FL; Navarre, FL; Pensacola, FL; Perdido Key, FL","Marine services","https://whoknowsapro.com/business/flat-island-boatworks-llc","https://whoknowsapro.com/claim?business=seed-v1-pensacola-fl-marine-services-site-flatislandboatworks-com"
"Flooring Atlanta","info@flooringatlanta.com","https://www.flooringatlanta.com/locations/","Atlanta, GA","Flooring","https://whoknowsapro.com/business/flooring-atlanta","https://whoknowsapro.com/claim?business=verified-v1-atlanta-ga-flooring-flooringatlanta-com"
"Florida Fence of Tampa","ffense@tampabay.rr.com","https://www.floridafence.com/contact","Tampa, FL","Fence builders","https://whoknowsapro.com/business/florida-fence-of-tampa","https://whoknowsapro.com/claim?business=seed-v1-tampa-fl-fence-builders-2"
"Florida Sunrooms & Enclosures","floridasunrooms@bellsouth.net","https://www.floridasunrooms.net/contact-us","Gulf Breeze, FL; Navarre, FL; Pensacola, FL; Perdido Key, FL","Screen enclosures & pool cages","https://whoknowsapro.com/business/florida-sunrooms-enclosures","https://whoknowsapro.com/claim?business=seed-v1-pensacola-fl-screen-enclosures-pool-cages-site-floridasunrooms-net"
"FloriFence","info@florifence.com","https://florifence.com/about-us/","Tampa, FL","Fence builders","https://whoknowsapro.com/business/florifence","https://whoknowsapro.com/claim?business=seed-v1-tampa-fl-fence-builders-4"
"Flotec Gutter Systems","hello@flotecgutters.com","https://flotecgutters.com/contact","Daphne, AL; Fairhope, AL; Foley, AL; Gulf Shores, AL","Gutters","https://whoknowsapro.com/business/flotec-gutter-systems","https://whoknowsapro.com/claim?business=verified-v1-gulf-shores-al-gutters-flotecgutters-com"
"Foley Coin Shop","foleycoinshop@gmail.com","https://foleycoinshop.com/","Mobile, AL; Orange Beach, AL","Trading card stores","https://whoknowsapro.com/business/foley-coin-shop","https://whoknowsapro.com/claim?business=seed-v1-orange-beach-al-trading-card-stores-site-foleycoinshop-com"
"Folkers Window Company","info@folkers.com","https://folkers.com/about/","Gulf Breeze, FL; Mobile, AL; Navarre, FL; Orange Beach, AL; Pensacola, FL; Perdido Key, FL","Hurricane shutters & impact windows","https://whoknowsapro.com/business/folkers-window-company","https://whoknowsapro.com/claim?business=seed-v1-pensacola-fl-hurricane-shutters-impact-windows-site-folkers-com"
"Fort Lauderdale Motors","ftlmotorss@gmail.com","https://www.ftl-motors.com/about/","Fort Lauderdale, FL","Auto body & collision","https://whoknowsapro.com/business/fort-lauderdale-motors","https://whoknowsapro.com/claim?business=verified-v1-fort-lauderdale-fl-auto-body-collision-ftl-motors-com"
"Fort Lauderdale Screens","info@fortlauderdalescreens.com","https://fortlauderdalescreens.com/contact-us/","Fort Lauderdale, FL","Screen enclosures & pool cages","https://whoknowsapro.com/business/fort-lauderdale-screens","https://whoknowsapro.com/claim?business=verified-v1-fort-lauderdale-fl-screen-enclosures-pool-cages-fortlauderdalescreens-com"
"Fortified Roofing","info@fortifiedroofal.com","https://fortifiedroofal.com/contact-us","Mobile, AL; Orange Beach, AL","Roofing","https://whoknowsapro.com/business/fortified-roofing","https://whoknowsapro.com/claim?business=seed-v1-orange-beach-al-roofing-site-fortifiedroofal-com"
"Forward Van Lines","info@forwardvanlines.com","https://www.forwardvanlines.com/office-moves/","Fort Lauderdale, FL","Movers","https://whoknowsapro.com/business/forward-van-lines","https://whoknowsapro.com/claim?business=verified-v1-fort-lauderdale-fl-movers-forwardvanlines-com"
"Four Seasons Atlanta Lawn Care, LLC","fourseasonsatlantalawncare@gmail.com","https://www.atllawncare.com/","Atlanta, GA","Lawn care","https://whoknowsapro.com/business/four-seasons-atlanta-lawn-care-llc","https://whoknowsapro.com/claim?business=verified-v1-atlanta-ga-lawn-care-atllawncare-com"
"Fowcon Construction","claims@fowconinc.com","https://www.fowconinc.com/contact","Tampa, FL","Kitchen & bath remodeling","https://whoknowsapro.com/business/fowcon-construction","https://whoknowsapro.com/claim?business=seed-v1-tampa-fl-kitchen-bath-remodeling-site-fowconinc-com"
"FrameOne Construction","foc@frameoneconstruction.com","https://www.frameoneconstruction.com/about","Tampa, FL","Screen enclosures & pool cages","https://whoknowsapro.com/business/frameone-construction","https://whoknowsapro.com/claim?business=seed-v1-tampa-fl-screen-enclosures-pool-cages-site-frameoneconstruction-com"
"Front 2 Back Boat Service","front2backboatservice@gmail.com","https://www.front2backboatservice.com/contact","Baton Rouge, LA","Marine services","https://whoknowsapro.com/business/front-2-back-boat-service","https://whoknowsapro.com/claim?business=verified-v1-baton-rouge-la-marine-services-front2backboatservice-com"
"Fuller Electrical","jfuller@fullerelectricalinc.com","https://www.fullerelectricalinc.com/about/","Tampa, FL","Electrical","https://whoknowsapro.com/business/fuller-electrical","https://whoknowsapro.com/claim?business=seed-v1-tampa-fl-electrical-site-fullerelectricalinc-com"
"GameMasters Guild","gmgcrestview@aol.com","https://gmgcrestview.com/","Crestview, FL","Trading card stores","https://whoknowsapro.com/business/gamemasters-guild","https://whoknowsapro.com/claim?business=verified-v1-crestview-fl-trading-card-stores-gmgcrestview-com"
"Garage Door Pros","info@garagefl.com","https://garagefl.com/contact/","Fort Lauderdale, FL","Garage door repair","https://whoknowsapro.com/business/garage-door-pros","https://whoknowsapro.com/claim?business=verified-v1-fort-lauderdale-fl-garage-door-repair-garagefl-com"
"Garage Door Solutions NOLA","info@gdsnola.com","https://www.garagedoorsolutionsnola.com/contact-us/","New Orleans, LA","Garage door repair","https://whoknowsapro.com/business/garage-door-solutions-nola","https://whoknowsapro.com/claim?business=verified-v1-new-orleans-la-garage-door-repair-garagedoorsolutionsnola-com"
"GEEK'd Orlando","contact@geekdorlando.com","https://geekdorlando.com/about/","Orlando, FL","Trading card stores","https://whoknowsapro.com/business/geek-d-orlando","https://whoknowsapro.com/claim?business=verified-v1-orlando-fl-trading-card-stores-geekdorlando-com"
"Genesis Electrical Contracting","nfo@genesisecfl.com","https://genesisecfl.com/","Tampa, FL","Electrical; Generator installation","https://whoknowsapro.com/business/genesis-electrical-contracting","https://whoknowsapro.com/claim?business=seed-v1-tampa-fl-electrical-site-genesisecfl-com"
"Georgia Pressure Clean","info@gapressureclean.com","https://gapressureclean.com/contact/","Atlanta, GA","Pressure washing","https://whoknowsapro.com/business/georgia-pressure-clean","https://whoknowsapro.com/claim?business=seed-v1-atlanta-ga-pressure-washing-site-gapressureclean-com"
"Georgia ScreenRooms","chris@gascreenrooms.com","https://www.georgiascreenrooms.com/about","Atlanta, GA","Screen enclosures & pool cages","https://whoknowsapro.com/business/georgia-screenrooms","https://whoknowsapro.com/claim?business=seed-v1-atlanta-ga-screen-enclosures-pool-cages-site-georgiascreenrooms-com"
"Glass Inc.","sales@glassinc.net","https://glassinc.net/contact/","Atlanta, GA","Hurricane shutters & impact windows","https://whoknowsapro.com/business/glass-inc","https://whoknowsapro.com/claim?business=seed-v1-atlanta-ga-hurricane-shutters-impact-windows-site-glassinc-net-services-security-glass-film-atlanta"
"Glass Wrap","support@glasswrap.com","https://www.glasswrap.com/contact/","Gulf Breeze, FL; Navarre, FL; Pensacola, FL; Perdido Key, FL","Window tinting","https://whoknowsapro.com/business/glass-wrap","https://whoknowsapro.com/claim?business=seed-v1-pensacola-fl-window-tinting-4"
"Gonzalez Painting & Waterproofing Inc.","contact@gonzalezpaintinginc.com","https://gonzalezpaintinginc.com/","Miami, FL","Painting","https://whoknowsapro.com/business/gonzalez-painting-waterproofing-inc","https://whoknowsapro.com/claim?business=verified-v1-miami-fl-painting-gonzalezpaintinginc-com"
"Gonzalez Roofing & Architectural Sheet Metal","sergio@gonzalezroofing.net","https://www.huntsvilleroofingandmetals.com/about","Huntsville, AL","Gutters; Roofing","https://whoknowsapro.com/business/gonzalez-roofing-architectural-sheet-metal","https://whoknowsapro.com/claim?business=verified-v1-huntsville-al-roofing-huntsvilleroofingandmetals-com"
"GoPest","info@gopest.net","https://gopest.net/","Mobile, AL; Orange Beach, AL","Pest control","https://whoknowsapro.com/business/gopest","https://whoknowsapro.com/claim?business=seed-v1-orange-beach-al-pest-control-site-gopest-net"
"Granda Plumbing","grandaplumbing@gmail.com","https://www.grandaplumbing.com/contact.html","Tampa, FL","Plumbing","https://whoknowsapro.com/business/granda-plumbing","https://whoknowsapro.com/claim?business=seed-v1-tampa-fl-plumbing-site-grandaplumbing-com"
"Green Coast Living","info@greencoastliving.com","https://greencoastliving.com/about-us/","Mobile, AL; Orange Beach, AL","Kitchen & bath remodeling; Water damage & mold remediation","https://whoknowsapro.com/business/green-coast-living","https://whoknowsapro.com/claim?business=seed-v1-orange-beach-al-kitchen-bath-remodeling-site-greencoastliving-com"
"Green Roots","office@greenrootstb.com","https://www.greenrootstampabay.com/contact-us/","Tampa, FL","Landscaping","https://whoknowsapro.com/business/green-roots","https://whoknowsapro.com/claim?business=seed-v1-tampa-fl-landscaping-site-greenrootstampabay-com"
"Griffin Painting","info@griffinpaint.com","https://www.griffinpaint.com/","Mobile, AL; Orange Beach, AL","Painting","https://whoknowsapro.com/business/griffin-painting","https://whoknowsapro.com/claim?business=seed-v1-orange-beach-al-painting-site-griffinpaint-com"
"Guimar Pools","info.guimarpools@gmail.com","https://www.guimarpools.com/","Tampa, FL","Pool installation","https://whoknowsapro.com/business/guimar-pools","https://whoknowsapro.com/claim?business=seed-v1-tampa-fl-pool-installation-1"
"Gulf Breeze Concrete Services","david.gerow@bellsouth.net","https://www.gulfbreezeconcreteservices.com/about","Gulf Breeze, FL; Navarre, FL; Pensacola, FL; Perdido Key, FL","Concrete & driveways","https://whoknowsapro.com/business/gulf-breeze-concrete-services","https://whoknowsapro.com/claim?business=seed-v1-pensacola-fl-concrete-1"
"Gulf Breeze Marine","gbmarineshop@outlook.com","https://gulfbreezemarine.com/contact/","Gulf Breeze, FL; Navarre, FL; Pensacola, FL; Perdido Key, FL","Marine services","https://whoknowsapro.com/business/gulf-breeze-marine","https://whoknowsapro.com/claim?business=seed-v1-pensacola-fl-marine-services-3"
"Gulf Breeze Plumbing","gbp4451@gmail.com","https://gulfbreezeplumbing.com/about-us/","Gulf Breeze, FL; Navarre, FL; Pensacola, FL; Perdido Key, FL","Plumbing","https://whoknowsapro.com/business/gulf-breeze-plumbing","https://whoknowsapro.com/claim?business=seed-v1-pensacola-fl-plumbing-site-gulfbreezeplumbing-com"
"Gulf Coast Heating & Air","info@gulfcoasthvacfl.com","https://www.gulfcoasthvacfl.com/about/","Tampa, FL","HVAC","https://whoknowsapro.com/business/gulf-coast-heating-air","https://whoknowsapro.com/claim?business=seed-v1-tampa-fl-hvac-site-gulfcoasthvacfl-com"
"Gulf Coast Industrial","info@ais-gci.com","https://aisgulfcoastindustrial.com/contact/","Gulf Breeze, FL; Navarre, FL; Pensacola, FL; Perdido Key, FL","Insulation","https://whoknowsapro.com/business/gulf-coast-industrial","https://whoknowsapro.com/claim?business=seed-v1-pensacola-fl-insulation-site-aisgulfcoastindustrial-com"
"Gulf Coast Pressure Washing","info@gcpwllc.com","https://www.gulfcoastpressurewashing.com/contact-us.html","Mobile, AL; Orange Beach, AL","Pressure washing","https://whoknowsapro.com/business/gulf-coast-pressure-washing-gulfcoastpressurewashing-com","https://whoknowsapro.com/claim?business=seed-v1-orange-beach-al-pressure-washing-site-gulfcoastpressurewashing-com"
"Gulf Coast Spray Foam","sales@gcinsulation.com","https://gcinsulation.com/about/","Mobile, AL; Orange Beach, AL","Insulation","https://whoknowsapro.com/business/gulf-coast-spray-foam","https://whoknowsapro.com/claim?business=seed-v1-orange-beach-al-insulation-2"
"Gulf Coast Tinting","gulfcoasttinting@gmail.com","https://gulfcoasttinting.net/about-us/","Gulf Breeze, FL; Navarre, FL; Pensacola, FL; Perdido Key, FL","Window tinting","https://whoknowsapro.com/business/gulf-coast-tinting-gulfcoasttinting-net","https://whoknowsapro.com/claim?business=seed-v1-pensacola-fl-window-tinting-site-gulfcoasttinting-net"
"Gulf Coast Tree & Land","gulfcoasttreeandland@gmail.com","https://www.gulfcoasttreeandland.com/about/","Gulf Breeze, FL; Navarre, FL; Pensacola, FL; Perdido Key, FL","Tree service","https://whoknowsapro.com/business/gulf-coast-tree-land","https://whoknowsapro.com/claim?business=seed-v1-pensacola-fl-tree-service-1"
"Gulf Shores Electrical","admin@gulfshoreselectrical.com","https://gulfshoreselectrical.com/about","Mobile, AL; Orange Beach, AL","Electrical; Generator installation","https://whoknowsapro.com/business/gulf-shores-electrical","https://whoknowsapro.com/claim?business=seed-v1-orange-beach-al-electrical-site-gulfshoreselectrical-com"
"Gulfstream Pools & Spas","contact@gulfstreampools.com","https://www.gulfstreampools.com/company/","Tampa, FL","Pool installation","https://whoknowsapro.com/business/gulfstream-pools-spas","https://whoknowsapro.com/claim?business=seed-v1-tampa-fl-pool-installation-4"
"Gutters By Design","doug@guttersbydesign.com","https://www.guttersbydesign.com/contact","Crestview, FL; Destin, FL; Fort Walton Beach, FL; Gulf Breeze, FL; Milton, FL; Navarre, FL; Pace, FL; Panama City Beach, FL","Gutters","https://whoknowsapro.com/business/gutters-by-design","https://whoknowsapro.com/claim?business=verified-v1-gulf-breeze-fl-gutters-guttersbydesign-com"
"Habersham Pools","jeffmorganinc@bellsouth.net","https://www.habershampools.com/","Atlanta, GA","Pool installation","https://whoknowsapro.com/business/habersham-pools","https://whoknowsapro.com/claim?business=seed-v1-atlanta-ga-pool-installation-site-habershampools-com"
"Hammerhead Fence Company","stephen@hammerheadfencing.com","https://www.hammerheadfencecompany.com/about-hammerhead-fence-company/","Mobile, AL; Orange Beach, AL","Fence builders","https://whoknowsapro.com/business/hammerhead-fence-company","https://whoknowsapro.com/claim?business=seed-v1-orange-beach-al-fence-builders-site-hammerheadfencecompany-com"
"HandyChief","info@handychief.com","https://handychief.com/about/","Gulf Breeze, FL; Navarre, FL; Pensacola, FL; Perdido Key, FL","Handyman","https://whoknowsapro.com/business/handychief","https://whoknowsapro.com/claim?business=seed-v1-pensacola-fl-handyman-1"
"Happy Home Insulation","happyhomeinsulation@gmail.com","https://happyhomeinsulation.com/contact-us/","Mobile, AL; Orange Beach, AL","Insulation","https://whoknowsapro.com/business/happy-home-insulation","https://whoknowsapro.com/claim?business=seed-v1-orange-beach-al-insulation-site-happyhomeinsulation-com"
"Happy Saplings LLC","happysaplingsllc@gmail.com","https://happysaplingstreecare.com/contact","Gulf Breeze, FL; Navarre, FL; Pensacola, FL; Perdido Key, FL","Tree service","https://whoknowsapro.com/business/happy-saplings-llc","https://whoknowsapro.com/claim?business=seed-v1-pensacola-fl-tree-service-site-happysaplingstreecare-com"
"Hardy Power Washing","hardysja@aol.com","https://hardypowerwashing.com/about-us/","Gulf Breeze, FL; Navarre, FL; Pensacola, FL; Perdido Key, FL","Pressure washing","https://whoknowsapro.com/business/hardy-power-washing","https://whoknowsapro.com/claim?business=seed-v1-pensacola-fl-pressure-washing-site-hardypowerwashing-com"
"Hawkins Service Company","bookings@hawkinsserviceco.com","https://www.hawkinsserviceco.com/contact/","Tampa, FL","Generator installation","https://whoknowsapro.com/business/hawkins-service-company","https://whoknowsapro.com/claim?business=seed-v1-tampa-fl-generator-installation-site-hawkinsserviceco-com-electrical-generators"
"HeatWave Pressure Washing","info@tampawash.com","https://tampawash.com/about-us/","Tampa, FL","Pressure washing","https://whoknowsapro.com/business/heatwave-pressure-washing","https://whoknowsapro.com/claim?business=seed-v1-tampa-fl-pressure-washing-site-tampawash-com"
"Heritage Arbor Care","heritagearbor2@gmail.com","https://heritagearborcare.com/","Mobile, AL; Orange Beach, AL","Tree service","https://whoknowsapro.com/business/heritage-arbor-care","https://whoknowsapro.com/claim?business=seed-v1-orange-beach-al-tree-service-site-heritagearborcare-com"
"Hirst Transmission Specialists","hirsttrans@hotmail.com","https://www.hirsttransmission.com/About-Us","Gulf Breeze, FL; Navarre, FL; Pensacola, FL; Perdido Key, FL","Auto mechanics","https://whoknowsapro.com/business/hirst-transmission-specialists","https://whoknowsapro.com/claim?business=seed-v1-pensacola-fl-auto-mechanics-site-hirsttransmission-com"
"Hobby Hole","store@hobby-hole.com","https://hobby-hole.com/contact-us","Montgomery, AL","Trading card stores","https://whoknowsapro.com/business/hobby-hole","https://whoknowsapro.com/claim?business=verified-v1-montgomery-al-trading-card-stores-hobby-hole-com"
"HomeMaid Orlando","jennifer@homemaidorlando.com","https://homemaidorlando.com/about/","Orlando, FL","House cleaning","https://whoknowsapro.com/business/homemaid-orlando","https://whoknowsapro.com/claim?business=verified-v1-orlando-fl-house-cleaning-homemaidorlando-com"
"Horizon Concrete","puestoslosojosariba123@gmail.com","https://www.horizonconcretellc.us/about-us/","Mobile, AL; Orange Beach, AL","Concrete & driveways","https://whoknowsapro.com/business/horizon-concrete","https://whoknowsapro.com/claim?business=seed-v1-orange-beach-al-concrete-site-horizonconcretellc-us"
"Horizon Concrete LLC","puestoslosojosariba123@gmail.com","https://www.horizonconcretellc.us/about-us/","Daphne, AL; Fairhope, AL; Foley, AL; Gulf Shores, AL","Concrete & driveways","https://whoknowsapro.com/business/horizon-concrete-llc","https://whoknowsapro.com/claim?business=verified-v1-gulf-shores-al-concrete-horizonconcretellc-us"
"House Painters Tampa","ben@housepaintertampa.com","https://housepaintertampa.com/about/","Tampa, FL","Painting","https://whoknowsapro.com/business/house-painters-tampa","https://whoknowsapro.com/claim?business=seed-v1-tampa-fl-painting-site-housepaintertampa-com"
"Howard's Service Company","rbentz@howelec.com","https://www.howelec.com/contact-us","Tampa, FL","Electrical","https://whoknowsapro.com/business/howard-s-service-company","https://whoknowsapro.com/claim?business=seed-v1-tampa-fl-electrical-site-howelec-com"
"HR Concrete Services","randy@hrconcretefl.com","https://hrconcretefl.com/contact","Tampa, FL","Concrete & driveways","https://whoknowsapro.com/business/hr-concrete-services","https://whoknowsapro.com/claim?business=seed-v1-tampa-fl-concrete-site-hrconcretefl-com"
"Huntsville Chem-Dry","tara@huntsvillechemdry.com","https://www.huntsvillechemdry.com/carpet-cleaning/steam-carpet-cleaning/","Huntsville, AL","Carpet cleaning","https://whoknowsapro.com/business/huntsville-chem-dry","https://whoknowsapro.com/claim?business=verified-v1-huntsville-al-carpet-cleaning-huntsvillechemdry-com"
"Huntsville Fence Company","huntsvillefencec@bellsouth.net","https://www.huntsvillefencealabama.com/learn-about-fencing-professionals","Huntsville, AL","Fence builders","https://whoknowsapro.com/business/huntsville-fence-company","https://whoknowsapro.com/claim?business=verified-v1-huntsville-al-fence-builders-huntsvillefencealabama-com"
"I & C Electrical Contracting Services","andre_w@electricalgeneratortampa.com","https://www.electricalgeneratortampa.com/about-us","Tampa, FL","Generator installation","https://whoknowsapro.com/business/i-c-electrical-contracting-services","https://whoknowsapro.com/claim?business=seed-v1-tampa-fl-generator-installation-site-electricalgeneratortampa-com-generator-services"
"I-Foam & Insulation Inc.","ifoaminsulationinc@gmail.com","https://www.i-foaminsulation.com/about","Fort Myers, FL; Naples, FL","Insulation","https://whoknowsapro.com/business/i-foam-insulation-inc","https://whoknowsapro.com/claim?business=verified-v1-fort-myers-fl-insulation-i-foaminsulation-com"
"IBWL Fence Company LLC","admin@gmail.com","https://ibwlfence.com/contact-us/","Gulf Breeze, FL; Navarre, FL; Pensacola, FL; Perdido Key, FL","Fence builders","https://whoknowsapro.com/business/ibwl-fence-company-llc","https://whoknowsapro.com/claim?business=seed-v1-pensacola-fl-fence-builders-site-ibwlfence-com"
"Ideal Carpet & Tile Cleaning Solutions","info@sarasotacarpetcleaning.com","https://sarasotacarpetcleaning.com/about-us/","Sarasota, FL","Carpet cleaning","https://whoknowsapro.com/business/ideal-carpet-tile-cleaning-solutions","https://whoknowsapro.com/claim?business=verified-v1-sarasota-fl-carpet-cleaning-sarasotacarpetcleaning-com"
"Ingersoll's Refrigeration Air Conditioning & Heating Inc.","ingersollrefrig@aol.com","https://ingersollac.com/about-us/","Daphne, AL; Fairhope, AL; Foley, AL; Gulf Shores, AL","HVAC","https://whoknowsapro.com/business/ingersoll-s-refrigeration-air-conditioning-heating-inc","https://whoknowsapro.com/claim?business=verified-v1-gulf-shores-al-hvac-ingersollac-com"
"Insulation Over Atlanta","brian@ioatl.com","https://insulationoveratlanta.com/about-us/","Atlanta, GA","Insulation","https://whoknowsapro.com/business/insulation-over-atlanta","https://whoknowsapro.com/claim?business=seed-v1-atlanta-ga-insulation-4"
"Integrated Home Solutions","info@ihs-ga.com","https://ihs-ga.com/locations/","Atlanta, GA","Generator installation","https://whoknowsapro.com/business/integrated-home-solutions","https://whoknowsapro.com/claim?business=seed-v1-atlanta-ga-generator-installation-site-ihs-ga-com"
"Integrity Pressure Cleaning","info@integritypressurecleaning.com","https://www.integritypressurecleaning.com/contact-us","Tampa, FL","Pressure washing","https://whoknowsapro.com/business/integrity-pressure-cleaning","https://whoknowsapro.com/claim?business=seed-v1-tampa-fl-pressure-washing-site-integritypressurecleaning-com"
"Island Pool LLC","islandpools.al@gmail.com","https://www.islandpoolllc.com/contact","Mobile, AL; Orange Beach, AL","Pool service","https://whoknowsapro.com/business/island-pool-llc","https://whoknowsapro.com/claim?business=seed-v1-orange-beach-al-pool-service-site-islandpoolllc-com"
"Islander Generator","islandergenerator@gmail.com","https://www.islandergenerator.com/about-us","Mobile, AL; Orange Beach, AL","Generator installation","https://whoknowsapro.com/business/islander-generator","https://whoknowsapro.com/claim?business=seed-v1-orange-beach-al-generator-installation-site-islandergenerator-com"
"J.C. Hernandez Lawn Services","jchernandez7838@gmail.com","https://jchernandezlawnservices.com/","Fort Myers, FL; Naples, FL","Landscaping; Lawn care; Tree service","https://whoknowsapro.com/business/j-c-hernandez-lawn-services","https://whoknowsapro.com/claim?business=verified-v1-fort-myers-fl-lawn-care-jchernandezlawnservices-com"
"Jags Corner","letsgo@jagscorner.com","https://www.jagscorner.com/","Mobile, AL; Orange Beach, AL","Trading card stores","https://whoknowsapro.com/business/jags-corner","https://whoknowsapro.com/claim?business=seed-v1-orange-beach-al-trading-card-stores-site-jagscorner-com"
"JaxWash Pressure Washing","service@jaxwash.com","https://www.jaxwash.com/about","Jacksonville, FL","Pressure washing","https://whoknowsapro.com/business/jaxwash-pressure-washing","https://whoknowsapro.com/claim?business=verified-v1-jacksonville-fl-pressure-washing-jaxwash-com"
"Jenner & Sons Heating & Air","jennerandsons@gulf-pride.com","https://jennerandsons.com/about","Biloxi, MS; Gulfport, MS","HVAC","https://whoknowsapro.com/business/jenner-sons-heating-air","https://whoknowsapro.com/claim?business=verified-v1-biloxi-ms-hvac-jennerandsons-com"
"Jim's Towing","jimsofsarasota@gmail.com","https://jimstowingsarasota.com/","Sarasota, FL","Towing","https://whoknowsapro.com/business/jim-s-towing","https://whoknowsapro.com/claim?business=verified-v1-sarasota-fl-towing-jimstowingsarasota-com"
"JMK Landscapes","jmklandscapesllc@gmail.com","https://www.jmklandscape.com/about-us","Biloxi, MS; Gulfport, MS","Landscaping","https://whoknowsapro.com/business/jmk-landscapes","https://whoknowsapro.com/claim?business=verified-v1-biloxi-ms-landscaping-jmklandscape-com"
"Jubilee Generator","info@jubileegenerator.com","https://jubileegenerator.com/about/","Mobile, AL; Orange Beach, AL","Generator installation","https://whoknowsapro.com/business/jubilee-generator","https://whoknowsapro.com/claim?business=seed-v1-orange-beach-al-generator-installation-site-jubileegenerator-com"
"JubileeScape","info@jubileescape.com","https://jubileescape.com/contact-us/","Mobile, AL; Orange Beach, AL","Landscaping","https://whoknowsapro.com/business/jubileescape","https://whoknowsapro.com/claim?business=seed-v1-orange-beach-al-landscaping-site-jubileescape-com"
"JW Contracting LLC","info@jw-contracting.com","https://jw-contracting.com/about/baton-rouge/","Baton Rouge, LA","Concrete & driveways; Fence builders","https://whoknowsapro.com/business/jw-contracting-llc","https://whoknowsapro.com/claim?business=verified-v1-baton-rouge-la-fence-builders-jw-contracting-com"
"Kaiser Pools","adminoffice@kaiserpools.com","https://www.kaiserpools.com/kaiser-pools-silverhill-al-contact/","Mobile, AL; Orange Beach, AL","Pool installation","https://whoknowsapro.com/business/kaiser-pools","https://whoknowsapro.com/claim?business=seed-v1-orange-beach-al-pool-installation-site-kaiserpools-com"
"KD Pro Handyman & Remodeling","info@kdprohandyman.com","https://kdprohandyman.com/about-kd-handyman-ga/","Atlanta, GA","Handyman","https://whoknowsapro.com/business/kd-pro-handyman-remodeling","https://whoknowsapro.com/claim?business=seed-v1-atlanta-ga-handyman-site-kdprohandyman-com"
"Keentel Electrical Contractors","contact@keentelelectricalcontractors.com","https://www.keentelelectricalcontractors.com/about-us","Tampa, FL","Electrical","https://whoknowsapro.com/business/keentel-electrical-contractors","https://whoknowsapro.com/claim?business=seed-v1-tampa-fl-electrical-site-keentelelectricalcontractors-com"
"Keith Walther Roofing","info@keithwaltherroofing.com","https://keithwaltherroofing.com/about","Gulf Breeze, FL; Navarre, FL; Pensacola, FL; Perdido Key, FL","Roofing","https://whoknowsapro.com/business/keith-walther-roofing","https://whoknowsapro.com/claim?business=seed-v1-pensacola-fl-roofing-site-keithwaltherroofing-com"
"Keith's Concrete & Masonry","info@theconcretehippy.com","https://www.keithsconcreteandmasonry.com/about-us","Tampa, FL","Concrete & driveways","https://whoknowsapro.com/business/keith-s-concrete-masonry","https://whoknowsapro.com/claim?business=seed-v1-tampa-fl-concrete-site-keithsconcreteandmasonry-com"
"Kell Recovery Services, Inc.","office@towing-milton.com","https://towing-milton.com/contact.php","Milton, FL; Pace, FL","Towing","https://whoknowsapro.com/business/kell-recovery-services-inc","https://whoknowsapro.com/claim?business=verified-v1-milton-fl-towing-towing-milton-com"
"Kevin's Auto Repair","kevinsauto66@comcast.net","https://www.kevinsautomotiverepair.com/about-us","Huntsville, AL","Auto mechanics","https://whoknowsapro.com/business/kevin-s-auto-repair","https://whoknowsapro.com/claim?business=verified-v1-huntsville-al-auto-mechanics-kevinsautomotiverepair-com"
"King Air Systems","johnmking@outlook.com","https://www.kingairsystems.com/contact-us","Gulf Breeze, FL; Navarre, FL; Pensacola, FL; Perdido Key, FL","Generator installation","https://whoknowsapro.com/business/king-air-systems","https://whoknowsapro.com/claim?business=seed-v1-pensacola-fl-generator-installation-site-kingairsystems-com-generators"
"Kitchen & Bath Designers Tampa","info@kitchenbathtampa.com","https://kitchenbathtampa.com/","Tampa, FL","Kitchen & bath remodeling","https://whoknowsapro.com/business/kitchen-bath-designers-tampa","https://whoknowsapro.com/claim?business=seed-v1-tampa-fl-kitchen-bath-remodeling-1"
"Kitchen and Decor Center Corp.","monica@kitchenanddecor.com","https://www.kitchenanddecor.com/about","Miami, FL","Flooring","https://whoknowsapro.com/business/kitchen-and-decor-center-corp","https://whoknowsapro.com/claim?business=verified-v1-miami-fl-flooring-kitchenanddecor-com"
"KitchEnvisions","liam@kitchenvisions.net","https://www.kitchenvisions.net/about-us","Tallahassee, FL","Kitchen & bath remodeling","https://whoknowsapro.com/business/kitchenvisions","https://whoknowsapro.com/claim?business=verified-v1-tallahassee-fl-kitchen-bath-remodeling-kitchenvisions-net"
"Knight Group Handyman","nknight@knightgroup.com","https://www.knightgroup.com/tampa-handyman","Tampa, FL","Handyman","https://whoknowsapro.com/business/knight-group-handyman","https://whoknowsapro.com/claim?business=seed-v1-tampa-fl-handyman-site-knightgroup-com-tampa-handyman"
"Knight Wash","contact@knightwashfl.com","https://www.knightwashfl.com/contact","Orlando, FL","Pressure washing","https://whoknowsapro.com/business/knight-wash","https://whoknowsapro.com/claim?business=verified-v1-orlando-fl-pressure-washing-knightwashfl-com"
"Knight's Coastal Cleaning Solutions","info@knightscoastal.com","https://knightsccsolutions.com/about/","Biloxi, MS; Gulfport, MS","Carpet cleaning","https://whoknowsapro.com/business/knight-s-coastal-cleaning-solutions","https://whoknowsapro.com/claim?business=verified-v1-biloxi-ms-carpet-cleaning-knightsccsolutions-com"
"Krob Landscape","info@kroblandscape.com","https://www.kroblandscape.com/contact","Mobile, AL; Orange Beach, AL","Landscaping","https://whoknowsapro.com/business/krob-landscape","https://whoknowsapro.com/claim?business=seed-v1-orange-beach-al-landscaping-3"
"Layco Marine Services","pam@laycomarine.com","https://laycomarine.com/","Mobile, AL; Orange Beach, AL","Marine services","https://whoknowsapro.com/business/layco-marine-services","https://whoknowsapro.com/claim?business=seed-v1-orange-beach-al-marine-services-site-laycomarine-com"
"Legacy Window Films","admin@legacywindowfilms.com","https://legacywindowfilms.com/contact","Mobile, AL; Orange Beach, AL","Window tinting","https://whoknowsapro.com/business/legacy-window-films","https://whoknowsapro.com/claim?business=seed-v1-orange-beach-al-window-tinting-site-legacywindowfilms-com"
"Leisure Time Pool Care","support@leisuretimepoolcare.com","https://www.leisuretimepoolcare.com/about-us","Gulf Breeze, FL; Navarre, FL; Pensacola, FL; Perdido Key, FL","Pool service","https://whoknowsapro.com/business/leisure-time-pool-care","https://whoknowsapro.com/claim?business=seed-v1-pensacola-fl-pool-service-4"
"Leo's Touch","leostouchtampa@gmail.com","https://www.leostouchwindowtinting.com/about-leos-touch-window-tinting-tampa-florida","Tampa, FL","Window tinting","https://whoknowsapro.com/business/leo-s-touch","https://whoknowsapro.com/claim?business=seed-v1-tampa-fl-window-tinting-2"
"Level Up Games","info@levelupgamesatl.com","https://levelupgamesatl.com/contact/","Atlanta, GA","Trading card stores","https://whoknowsapro.com/business/level-up-games","https://whoknowsapro.com/claim?business=seed-v1-atlanta-ga-trading-card-stores-site-levelupgamesatl-com"
"Level Up Remodeling","info@floridalevelup.com","https://www.floridalevelup.com/contact","Tampa, FL","Kitchen & bath remodeling","https://whoknowsapro.com/business/level-up-remodeling","https://whoknowsapro.com/claim?business=seed-v1-tampa-fl-kitchen-bath-remodeling-site-floridalevelup-com"
"LGD Lawn & Landscape","info@nolalgd.com","https://www.nolalgd.com/contact","New Orleans, LA","Landscaping; Lawn care","https://whoknowsapro.com/business/lgd-lawn-landscape","https://whoknowsapro.com/claim?business=verified-v1-new-orleans-la-lawn-care-nolalgd-com"
"Lightning Aluminum","lightningaluminum@verizon.net","https://www.lightningaluminum.com/contact-8","Fort Myers, FL; Naples, FL","Screen enclosures & pool cages","https://whoknowsapro.com/business/lightning-aluminum","https://whoknowsapro.com/claim?business=verified-v1-fort-myers-fl-screen-enclosures-pool-cages-lightningaluminum-com"
"Lightning Bay Electric","lightningbayelectric@gmail.com","https://www.lightningbayelectric.com/about-us/","Tampa, FL","Electrical; Generator installation","https://whoknowsapro.com/business/lightning-bay-electric","https://whoknowsapro.com/claim?business=seed-v1-tampa-fl-electrical-site-lightningbayelectric-com"
"LIV Pools","office@livpools.com","https://www.livpools.com/contact","Tampa, FL","Pool installation","https://whoknowsapro.com/business/liv-pools","https://whoknowsapro.com/claim?business=seed-v1-tampa-fl-pool-installation-site-livpools-com"
"Lock N Unlock","lnuentrysolutions@gmail.com","https://lnuentrysolutions.com/","Fort Lauderdale, FL","Locksmith","https://whoknowsapro.com/business/lock-n-unlock","https://whoknowsapro.com/claim?business=verified-v1-fort-lauderdale-fl-locksmith-lnuentrysolutions-com"
"Logan The Tree Man","info@loganthetreeman.com","https://www.loganthetreeman.com/tree-removal-company","Gulf Breeze, FL; Navarre, FL; Pensacola, FL; Perdido Key, FL","Tree service","https://whoknowsapro.com/business/logan-the-tree-man","https://whoknowsapro.com/claim?business=seed-v1-pensacola-fl-tree-service-site-loganthetreeman-com"
"Louisiana Tree Company","info@louisianatreecompany.com","https://www.louisianatreecompany.com/licensed-tree-service-team","New Orleans, LA","Junk removal; Tree service","https://whoknowsapro.com/business/louisiana-tree-company","https://whoknowsapro.com/claim?business=verified-v1-new-orleans-la-tree-service-louisianatreecompany-com"
"Lower Alabama Gas & Plumbing","loweralabamagp@gmail.com","https://loweralabamagp.com/about-plumbing-gas","Mobile, AL; Orange Beach, AL","Plumbing","https://whoknowsapro.com/business/lower-alabama-gas-plumbing","https://whoknowsapro.com/claim?business=seed-v1-orange-beach-al-plumbing-site-loweralabamagp-com"
"Magic City Collectibles","burgin@magiccitycollectibles.com","https://www.magiccitycollectibles.com/","Birmingham, AL","Trading card stores","https://whoknowsapro.com/business/magic-city-collectibles","https://whoknowsapro.com/claim?business=verified-v1-birmingham-al-trading-card-stores-magiccitycollectibles-com"
"Magnolia Air Solutions","kirstie@magnoliaairsolutions.com","https://www.magnoliaairsolutions.com/about/","Mobile, AL; Orange Beach, AL","HVAC","https://whoknowsapro.com/business/magnolia-air-solutions","https://whoknowsapro.com/claim?business=seed-v1-orange-beach-al-hvac-4"
"Maid in Jax","nate@maidinjax.com","https://www.maidinjax.com/help/","Jacksonville, FL","House cleaning","https://whoknowsapro.com/business/maid-in-jax","https://whoknowsapro.com/claim?business=verified-v1-jacksonville-fl-house-cleaning-maidinjax-com"
"Major Restoration","support@majorrestorations.com","https://www.majorrestorations.com/about.html","Tampa, FL","Water damage & mold remediation","https://whoknowsapro.com/business/major-restoration","https://whoknowsapro.com/claim?business=seed-v1-tampa-fl-water-damage-mold-remediation-site-majorrestorations-com"
"Mark's Appliance Repair","marksappliance@yahoo.com","https://www.marksappliancerepairla.com/","Baton Rouge, LA","Appliance repair","https://whoknowsapro.com/business/mark-s-appliance-repair","https://whoknowsapro.com/claim?business=verified-v1-baton-rouge-la-appliance-repair-marksappliancerepairla-com"
"Massey Services","wecare@masseyservices.com","https://www.masseyservices.com/locations/","Crestview, FL; Destin, FL; Fort Walton Beach, FL; Milton, FL; Pace, FL; Panama City Beach, FL; West Palm Beach, FL","Lawn care; Pest control","https://whoknowsapro.com/business/massey-services","https://whoknowsapro.com/claim?business=verified-v1-destin-fl-pest-control-masseyservices-com"
"Mayan Pools & Sports Construction","jeff@mayanpools.com","https://www.mayanpools.com/","Atlanta, GA","Pool installation","https://whoknowsapro.com/business/mayan-pools-sports-construction","https://whoknowsapro.com/claim?business=seed-v1-atlanta-ga-pool-installation-site-mayanpools-com"
"McCombs Electrical Heating & Air","office@mccombselectrical.com","https://mccombselectrical.com/about-us/","Gulf Breeze, FL; Navarre, FL; Pensacola, FL; Perdido Key, FL","Electrical","https://whoknowsapro.com/business/mccombs-electrical-heating-air","https://whoknowsapro.com/claim?business=seed-v1-pensacola-fl-electrical-site-mccombselectrical-com"
"McCoy Enterprises","info@mccoyenterprise.com","https://www.mccoy-enterprise.com/about","Orlando, FL","Auto body & collision; Auto mechanics; Towing","https://whoknowsapro.com/business/mccoy-enterprises","https://whoknowsapro.com/claim?business=verified-v1-orlando-fl-auto-mechanics-mccoy-enterprise-com"
"MCG Roofing","info@mcgroofing.com","https://mcgroofing.com/about.html","Gulf Breeze, FL; Navarre, FL; Pensacola, FL; Perdido Key, FL","Roofing","https://whoknowsapro.com/business/mcg-roofing","https://whoknowsapro.com/claim?business=seed-v1-pensacola-fl-roofing-site-mcgroofing-com"
"McKinney Handyman & Property Maintenance","jmckinneyhandyman@gmail.com","https://www.mckinneyhpm.com/local-handyman-team","Gulf Breeze, FL; Navarre, FL; Pensacola, FL; Perdido Key, FL","Handyman","https://whoknowsapro.com/business/mckinney-handyman-property-maintenance","https://whoknowsapro.com/claim?business=seed-v1-pensacola-fl-handyman-site-mckinneyhpm-com"
"Metropolitan Tinting","metropolitantint@gmail.com","https://www.metropolitantinting.com/about-llumar-window-tint","Atlanta, GA","Window tinting","https://whoknowsapro.com/business/metropolitan-tinting","https://whoknowsapro.com/claim?business=seed-v1-atlanta-ga-window-tinting-site-metropolitantinting-com"
"MIA Z Towing LLC","miaztowingllc@gmail.com","https://www.miaztowing.com/","Miami, FL","Towing","https://whoknowsapro.com/business/mia-z-towing-llc","https://whoknowsapro.com/claim?business=verified-v1-miami-fl-towing-miaztowing-com"
"Miami Fence Corp.","miamifencecorp@gmail.com","https://www.miamifencecorpfl.com/about-us255f8dea","Miami, FL","Fence builders","https://whoknowsapro.com/business/miami-fence-corp","https://whoknowsapro.com/claim?business=verified-v1-miami-fl-fence-builders-miamifencecorpfl-com"
"Miami Junk Services","hello@miamijunkservices.com","https://miamijunkservices.com/about","Miami, FL","Junk removal","https://whoknowsapro.com/business/miami-junk-services","https://whoknowsapro.com/claim?business=verified-v1-miami-fl-junk-removal-miamijunkservices-com"
"Miami Screens","info@miamiscreensfl.com","https://miamiscreensfl.com/about-us/","Miami, FL","Screen enclosures & pool cages","https://whoknowsapro.com/business/miami-screens","https://whoknowsapro.com/claim?business=verified-v1-miami-fl-screen-enclosures-pool-cages-miamiscreensfl-com"
"Mid-Florida Tree Service","reception@midfloridatree.com","https://www.midfloridatreeservice.com/contact","Tampa, FL","Tree service","https://whoknowsapro.com/business/mid-florida-tree-service","https://whoknowsapro.com/claim?business=seed-v1-tampa-fl-tree-service-3"
"Mike's Master Plumbing","mike@mikesmasterplumbing.com","https://mikesmasterplumbing.com/","Mobile, AL; Orange Beach, AL","Plumbing","https://whoknowsapro.com/business/mike-s-master-plumbing","https://whoknowsapro.com/claim?business=seed-v1-orange-beach-al-plumbing-site-mikesmasterplumbing-com"
"Mike's Wrecker Service","mikeswrecker@comcast.net","https://www.mikeswreckerservicehsv.com/contact","Huntsville, AL","Towing","https://whoknowsapro.com/business/mike-s-wrecker-service","https://whoknowsapro.com/claim?business=verified-v1-huntsville-al-towing-mikeswreckerservicehsv-com"
"Mitchell Fence","info@mitchellfence.com","https://www.mitchellfence.com/about","Mobile, AL; Orange Beach, AL","Fence builders","https://whoknowsapro.com/business/mitchell-fence","https://whoknowsapro.com/claim?business=seed-v1-orange-beach-al-fence-builders-3"
"Mitchell Fence Company","info@mitchellfence.com","https://www.mitchellfence.com/about","Daphne, AL; Fairhope, AL; Foley, AL; Gulf Shores, AL","Fence builders","https://whoknowsapro.com/business/mitchell-fence-company","https://whoknowsapro.com/claim?business=verified-v1-gulf-shores-al-fence-builders-mitchellfence-com"
"MNE Electric","electric@mneec.com","https://mneec.com/about-mne/","Mobile, AL; Orange Beach, AL","Electrical","https://whoknowsapro.com/business/mne-electric","https://whoknowsapro.com/claim?business=seed-v1-orange-beach-al-electrical-site-mneec-com"
"Mobile Bay Roofing","info@mobilebayroofing.com","https://mobilebayroofing.com/contact/","Mobile, AL; Orange Beach, AL","Roofing","https://whoknowsapro.com/business/mobile-bay-roofing","https://whoknowsapro.com/claim?business=seed-v1-orange-beach-al-roofing-site-mobilebayroofing-com"
"Mobile Fence","aaamobilefenceco@bellsouth.net","https://www.mobilefenceco.com/faqs-about-fence-installation","Mobile, AL; Orange Beach, AL","Fence builders","https://whoknowsapro.com/business/mobile-fence","https://whoknowsapro.com/claim?business=seed-v1-orange-beach-al-fence-builders-1"
"Mobile Screens","info@mobilescreensal.com","https://mobilescreensal.com/about-us/","Mobile, AL; Orange Beach, AL","Screen enclosures & pool cages","https://whoknowsapro.com/business/mobile-screens","https://whoknowsapro.com/claim?business=seed-v1-orange-beach-al-screen-enclosures-pool-cages-site-mobilescreensal-com"
"Modern Environmental Sales & Service","info@enviromess.com","https://enviromess.com/about-us","Mobile, AL; Orange Beach, AL","Water damage & mold remediation","https://whoknowsapro.com/business/modern-environmental-sales-service","https://whoknowsapro.com/claim?business=seed-v1-orange-beach-al-water-damage-mold-remediation-site-enviromess-com"
"Mold Solutions","info@moldsolutions.com","https://www.moldsolutions.com/about/financing/","Tampa, FL","Water damage & mold remediation","https://whoknowsapro.com/business/mold-solutions","https://whoknowsapro.com/claim?business=seed-v1-tampa-fl-water-damage-mold-remediation-site-moldsolutions-com"
"National Pool Service","info@natpool.com","https://www.natpool.com/contact-pool-service","West Palm Beach, FL","Pool service","https://whoknowsapro.com/business/national-pool-service","https://whoknowsapro.com/claim?business=verified-v1-west-palm-beach-fl-pool-service-natpool-com"
"Navarre Pest Control","navarrepestcontrol@gmail.com","https://www.navarrepestcontrol.com/contact-pest-experts","Gulf Breeze, FL; Navarre, FL; Pensacola, FL; Perdido Key, FL","Pest control","https://whoknowsapro.com/business/navarre-pest-control","https://whoknowsapro.com/claim?business=seed-v1-pensacola-fl-pest-control-1"
"Navarre Plumbing & Gas","alan.navarreplumbing@gmail.com","https://www.navarreplumbingandgas.com/contact-plumber","Gulf Breeze, FL; Navarre, FL; Pensacola, FL; Perdido Key, FL","Plumbing","https://whoknowsapro.com/business/navarre-plumbing-gas","https://whoknowsapro.com/claim?business=seed-v1-pensacola-fl-plumbing-site-navarreplumbingandgas-com"
"Navarre Window Tinting","navarrewindowtinting@gmail.com","https://navarrewindowtinting.com/","Gulf Breeze, FL; Navarre, FL; Pensacola, FL; Perdido Key, FL","Window tinting","https://whoknowsapro.com/business/navarre-window-tinting","https://whoknowsapro.com/claim?business=seed-v1-pensacola-fl-window-tinting-site-navarrewindowtinting-com"
"New Life Outdoors","cs@newlifeoutdoors.com","https://newlifeoutdoors.com/","Atlanta, GA","Pool installation","https://whoknowsapro.com/business/new-life-outdoors","https://whoknowsapro.com/claim?business=seed-v1-atlanta-ga-pool-installation-site-newlifeoutdoors-com"
"New Orleans Handyman Services LLC","nolahomerepair@gmail.com","https://neworleanshandymanservices.com/","New Orleans, LA","Handyman","https://whoknowsapro.com/business/new-orleans-handyman-services-llc","https://whoknowsapro.com/claim?business=verified-v1-new-orleans-la-handyman-neworleanshandymanservices-com"
"Nicole Lawn Care & Landscaping LLC","radame1268@nicolelawncare.com","https://www.nicolelawncare.com/","Sarasota, FL","Landscaping; Lawn care; Tree service","https://whoknowsapro.com/business/nicole-lawn-care-landscaping-llc","https://whoknowsapro.com/claim?business=verified-v1-sarasota-fl-lawn-care-nicolelawncare-com"
"No Sweat Automotive","ray@nosweatautomotive.com","https://www.nosweatautomotive.com/about","Pensacola, FL; Perdido Key, FL","Auto body & collision","https://whoknowsapro.com/business/no-sweat-automotive","https://whoknowsapro.com/claim?business=verified-v1-pensacola-fl-auto-body-collision-nosweatautomotive-com"
"Oasis Irrigation and Landscape","service@oasistampa.com","https://oasistampa.com/about-us/","Tampa, FL","Landscaping","https://whoknowsapro.com/business/oasis-irrigation-and-landscape","https://whoknowsapro.com/claim?business=seed-v1-tampa-fl-landscaping-site-oasistampa-com"
"Ocean's Edge Landscaping","info@oceansedgeflorida.com","https://www.oceansedgeflorida.com/about","West Palm Beach, FL","Landscaping","https://whoknowsapro.com/business/ocean-s-edge-landscaping","https://whoknowsapro.com/claim?business=verified-v1-west-palm-beach-fl-landscaping-oceansedgeflorida-com"
"On the Mark Spray Foam Insulation","office@onthemarksprayfoam.net","https://www.onthemarksprayfoam.net/about-us","Tampa, FL","Insulation","https://whoknowsapro.com/business/on-the-mark-spray-foam-insulation","https://whoknowsapro.com/claim?business=seed-v1-tampa-fl-insulation-site-onthemarksprayfoam-net"
"Online Movers & Storage","booking@onlinemovers.miami","https://www.onlinemovers.miami/about-us","Miami, FL","Movers","https://whoknowsapro.com/business/online-movers-storage","https://whoknowsapro.com/claim?business=verified-v1-miami-fl-movers-onlinemovers-miami"
"OnTop Tree Service Inc.","info@ontoptreeservice.com","https://ontoptreeservice.com/about-us/","Miami, FL","Tree service","https://whoknowsapro.com/business/ontop-tree-service-inc","https://whoknowsapro.com/claim?business=verified-v1-miami-fl-tree-service-ontoptreeservice-com"
"Opitz & Sons Electric","opitzelectric@hotmail.com","https://opitzandsonselectric.com/about/","Gulf Breeze, FL; Navarre, FL; Pensacola, FL; Perdido Key, FL","Electrical","https://whoknowsapro.com/business/opitz-sons-electric","https://whoknowsapro.com/claim?business=seed-v1-pensacola-fl-electrical-site-opitzandsonselectric-com"
"Orlando Septic Service","joe@orlandosepticservices.com","https://orlandosepticservice.com/contact/","Orlando, FL","Septic services","https://whoknowsapro.com/business/orlando-septic-service","https://whoknowsapro.com/claim?business=verified-v1-orlando-fl-septic-services-orlandosepticservice-com"
"Outerspaces","info@outerspaceslandscape.com","https://outerspaceslandscape.com/contact/","Gulf Breeze, FL; Navarre, FL; Pensacola, FL; Perdido Key, FL","Landscaping","https://whoknowsapro.com/business/outerspaces","https://whoknowsapro.com/claim?business=seed-v1-pensacola-fl-landscaping-site-outerspaceslandscape-com"
"Overhead Door Company of the Capital City","info@overheaddoorbr.com","https://overheaddoorbatonrouge.com/contact/","Baton Rouge, LA","Garage door repair","https://whoknowsapro.com/business/overhead-door-company-of-the-capital-city","https://whoknowsapro.com/claim?business=verified-v1-baton-rouge-la-garage-door-repair-overheaddoorbatonrouge-com"
"Pace Pool & Spa Service","info@pacepoolandspa.com","https://www.pacepoolandspa.com/","Milton, FL; Pace, FL","Pool service","https://whoknowsapro.com/business/pace-pool-spa-service","https://whoknowsapro.com/claim?business=verified-v1-milton-fl-pool-service-pacepoolandspa-com"
"Paint Defender","info@paintdefender.com","https://paintdefender.com/about-us/","Montgomery, AL","Window tinting","https://whoknowsapro.com/business/paint-defender","https://whoknowsapro.com/claim?business=verified-v1-montgomery-al-window-tinting-paintdefender-com"
"Palm Beach Marine Solutions","info@palmbeachmarinesolutions.com","https://palmbeachmarinesolutions.com/","West Palm Beach, FL","Marine services","https://whoknowsapro.com/business/palm-beach-marine-solutions","https://whoknowsapro.com/claim?business=verified-v1-west-palm-beach-fl-marine-services-palmbeachmarinesolutions-com"
"Palmetto State Roofing","info@psrfl.com","https://www.psrfl.com/about","Tampa, FL","Roofing","https://whoknowsapro.com/business/palmetto-state-roofing","https://whoknowsapro.com/claim?business=seed-v1-tampa-fl-roofing-site-psrfl-com"
"Panhandle Heating & Air","sales@panhandleheatingandair.com","https://www.panhandleheatingandair.com/contact/","Gulf Breeze, FL; Navarre, FL; Pensacola, FL; Perdido Key, FL","HVAC; Insulation","https://whoknowsapro.com/business/panhandle-heating-air","https://whoknowsapro.com/claim?business=seed-v1-pensacola-fl-hvac-4"
"Panorama Tree Care","info@panoramatreecare.com","https://www.panoramatreeservice.com/about/","Tampa, FL","Tree service","https://whoknowsapro.com/business/panorama-tree-care","https://whoknowsapro.com/claim?business=seed-v1-tampa-fl-tree-service-4"
"Park Avenue Make Ready Solutions","parkavenuefl@gmail.com","https://www.papsfl.com/about/","Panama City Beach, FL","Handyman","https://whoknowsapro.com/business/park-avenue-make-ready-solutions","https://whoknowsapro.com/claim?business=verified-v1-panama-city-beach-fl-handyman-papsfl-com"
"Parkway Wrecker Service Inc.","mail@parkwaywrecker.com","https://www.parkwaywrecker.com/contact-us","Tallahassee, FL","Towing","https://whoknowsapro.com/business/parkway-wrecker-service-inc","https://whoknowsapro.com/claim?business=verified-v1-tallahassee-fl-towing-parkwaywrecker-com"
"PCS Pools","info@pcs-pools.com","https://www.pcs-pools.com/contact-us","Clearwater, FL; St. Petersburg, FL","Pool installation","https://whoknowsapro.com/business/pcs-pools","https://whoknowsapro.com/claim?business=verified-v1-st-petersburg-fl-pool-installation-pcs-pools-com"
"Pearce Tree & Stump Service","pearce342@aol.com","https://www.treeservicepanamacitybeachfl.com/about","Panama City Beach, FL","Tree service","https://whoknowsapro.com/business/pearce-tree-stump-service","https://whoknowsapro.com/claim?business=verified-v1-panama-city-beach-fl-tree-service-treeservicepanamacitybeachfl-com"
"Pella Windows & Doors of Tampa","shop@pella.com","https://www.pella.com/support/","Tampa, FL","Hurricane shutters & impact windows","https://whoknowsapro.com/business/pella-windows-doors-of-tampa","https://whoknowsapro.com/claim?business=seed-v1-tampa-fl-hurricane-shutters-impact-windows-site-pella-com-locations-tampa-hurricane-impact-windows"
"Pensacola A/C & Auto Service Center","schedule@pensacolaautosc.com","https://www.pensacolaautosc.com/our-team-members","Gulf Breeze, FL; Navarre, FL; Pensacola, FL; Perdido Key, FL","Auto mechanics","https://whoknowsapro.com/business/pensacola-a-c-auto-service-center","https://whoknowsapro.com/claim?business=seed-v1-pensacola-fl-auto-mechanics-1"
"Pensacola Cleaner","pensacolacleaner@gmail.com","https://www.pensacolacleaner.com/about","Pensacola, FL","House cleaning","https://whoknowsapro.com/business/pensacola-cleaner","https://whoknowsapro.com/claim?business=verified-v1-pensacola-fl-house-cleaning-pensacolacleaner-com"
"Pensacola Fence Builders","pensacolafencebuilders@gmail.com","https://pensacolafencebuilders.com/about/","Gulf Breeze, FL; Navarre, FL; Pensacola, FL; Perdido Key, FL","Fence builders","https://whoknowsapro.com/business/pensacola-fence-builders","https://whoknowsapro.com/claim?business=seed-v1-pensacola-fl-fence-builders-3"
"Pensacola Window Company","sales@pensacolawindowcompany.com","https://pensacolawindowcompany.com/contact-us/","Gulf Breeze, FL; Navarre, FL; Pensacola, FL; Perdido Key, FL","Hurricane shutters & impact windows","https://whoknowsapro.com/business/pensacola-window-company","https://whoknowsapro.com/claim?business=seed-v1-pensacola-fl-hurricane-shutters-impact-windows-site-pensacolawindowcompany-com"
"Perdido Heating & Air","perdidobilling@gmail.com","https://www.perdidoheatingandair.com/about/","Gulf Breeze, FL; Navarre, FL; Pensacola, FL; Perdido Key, FL","HVAC","https://whoknowsapro.com/business/perdido-heating-air","https://whoknowsapro.com/claim?business=seed-v1-pensacola-fl-hvac-3"
"Perdido Heating and Air","perdidobilling@gmail.com","https://www.perdidoheatingandair.com/about/","Gulf Breeze, FL; Navarre, FL; Pensacola, FL; Perdido Key, FL","Generator installation","https://whoknowsapro.com/business/perdido-heating-and-air","https://whoknowsapro.com/claim?business=seed-v1-pensacola-fl-generator-installation-site-perdidoheatingandair-com"
"Perfection Marine Services","boatmaster1977@gmail.com","https://perfectionmarineservices.com/contact/","Tampa, FL","Marine services","https://whoknowsapro.com/business/perfection-marine-services","https://whoknowsapro.com/claim?business=seed-v1-tampa-fl-marine-services-2"
"Perkins Generator Sales & Service","info@gensvc.com","https://generatorstore.generacdealers.com/locations","Atlanta, GA","Generator installation","https://whoknowsapro.com/business/perkins-generator-sales-service","https://whoknowsapro.com/claim?business=seed-v1-atlanta-ga-generator-installation-site-generatorstore-generacdealers-com"
"Perry Electrical","info@perryelectrical.com","https://perryelectrical.com/about/","Atlanta, GA","Electrical","https://whoknowsapro.com/business/perry-electrical","https://whoknowsapro.com/claim?business=seed-v1-atlanta-ga-electrical-site-perryelectrical-com"
"Pete & Ron's Tree Service","servicerequest@prtree.com","https://www.prtree.com/","Tampa, FL","Tree service","https://whoknowsapro.com/business/pete-ron-s-tree-service","https://whoknowsapro.com/claim?business=seed-v1-tampa-fl-tree-service-2"
"Pinnacle Pools","pinnaclepools@yahoo.com","https://www.pinnaclepoolservices.com/about-us","Atlanta, GA","Pool service","https://whoknowsapro.com/business/pinnacle-pools","https://whoknowsapro.com/claim?business=seed-v1-atlanta-ga-pool-service-2"
"Platinum Oil & Tire Plus","platinumoilandtireplus@gmail.com","https://platinumoilandtireplus.com/","Mobile, AL; Orange Beach, AL","Auto mechanics","https://whoknowsapro.com/business/platinum-oil-tire-plus","https://whoknowsapro.com/claim?business=seed-v1-orange-beach-al-auto-mechanics-1"
"Polar Vortex Home Services","info@pvei.org","https://pvei.org/","Tampa, FL","Handyman","https://whoknowsapro.com/business/polar-vortex-home-services","https://whoknowsapro.com/claim?business=seed-v1-tampa-fl-handyman-site-pvei-org"
"Pombo's Contracting","sales@pomboscontracting.com","https://pomboscontracting.com/contact/","Tampa, FL","Screen enclosures & pool cages","https://whoknowsapro.com/business/pombo-s-contracting","https://whoknowsapro.com/claim?business=seed-v1-tampa-fl-screen-enclosures-pool-cages-site-pomboscontracting-com"
"Pools and Paradise","jherron@poolsandparadise.net","https://poolsandparadise.net/about-us/","Mobile, AL; Orange Beach, AL","Pool installation","https://whoknowsapro.com/business/pools-and-paradise","https://whoknowsapro.com/claim?business=seed-v1-orange-beach-al-pool-installation-3"
"Pop-A-Lock of Tampa","tampa@samlanders.com","https://popalocktampafl.com/locations/","Tampa, FL","Locksmith","https://whoknowsapro.com/business/pop-a-lock-of-tampa","https://whoknowsapro.com/claim?business=verified-v1-tampa-fl-locksmith-popalocktampafl-com"
"Positive Pool Service","sales@positivepoolservices.com","https://positivepoolservices.com/contact/","Tampa, FL","Pool service","https://whoknowsapro.com/business/positive-pool-service","https://whoknowsapro.com/claim?business=seed-v1-tampa-fl-pool-service-3"
"Precision Aluminum","info@precisionalum.com","https://www.precisionalum.com/contactus/","Mobile, AL; Orange Beach, AL","Screen enclosures & pool cages","https://whoknowsapro.com/business/precision-aluminum","https://whoknowsapro.com/claim?business=seed-v1-orange-beach-al-screen-enclosures-pool-cages-site-precisionalum-com"
"Precision Pools LLC","precisionpools251@gmail.com","https://www.precisionpoolsllc.com/about","Mobile, AL; Orange Beach, AL","Pool service","https://whoknowsapro.com/business/precision-pools-llc","https://whoknowsapro.com/claim?business=seed-v1-orange-beach-al-pool-service-site-precisionpoolsllc-com"
"Preferred Builder Resources","info@pbrgulfcoast.com","https://www.pbrgulfcoast.com/about/","Mobile, AL; Orange Beach, AL","Hurricane shutters & impact windows","https://whoknowsapro.com/business/preferred-builder-resources","https://whoknowsapro.com/claim?business=seed-v1-orange-beach-al-hurricane-shutters-impact-windows-site-pbrgulfcoast-com"
"Premium Pool Rescreening Atlanta","info@atlantascreensga.com","https://atlantascreensga.com/about-us/","Atlanta, GA","Screen enclosures & pool cages","https://whoknowsapro.com/business/premium-pool-rescreening-atlanta","https://whoknowsapro.com/claim?business=seed-v1-atlanta-ga-screen-enclosures-pool-cages-site-atlantascreensga-com"
"Pressure Cleaning Miami Aura","info@atompressurecleaning.com","https://pressurecleaning.miami/about","Miami, FL","Pressure washing","https://whoknowsapro.com/business/pressure-cleaning-miami-aura","https://whoknowsapro.com/claim?business=verified-v1-miami-fl-pressure-washing-pressurecleaning-miami"
"Prestige Plumbing LLC","prestigeplumbingllc@yahoo.com","https://www.prestigeplumbingllcms.com/about/","Biloxi, MS; Gulfport, MS","Plumbing","https://whoknowsapro.com/business/prestige-plumbing-llc","https://whoknowsapro.com/claim?business=verified-v1-biloxi-ms-plumbing-prestigeplumbingllcms-com"
"Prime Plumbing Services","support@primeplumbingservicesfl.com","https://primeplumbingservicesfl.com/about-us/","Panama City Beach, FL","Septic services","https://whoknowsapro.com/business/prime-plumbing-services","https://whoknowsapro.com/claim?business=verified-v1-panama-city-beach-fl-septic-services-primeplumbingservicesfl-com"
"Prince Concrete Company","princeconcretecompany@gmail.com","https://princeconcretecompany.com/contact/","Sarasota, FL","Concrete & driveways","https://whoknowsapro.com/business/prince-concrete-company","https://whoknowsapro.com/claim?business=verified-v1-sarasota-fl-concrete-princeconcretecompany-com"
"Pro-Tech Creative Concrete Coatings","contact@ptcoatings.com","https://www.ptcoatings.com/about-us","Gulf Breeze, FL; Navarre, FL; Pensacola, FL; Perdido Key, FL","Concrete & driveways","https://whoknowsapro.com/business/pro-tech-creative-concrete-coatings","https://whoknowsapro.com/claim?business=seed-v1-pensacola-fl-concrete-site-ptcoatings-com"
"ProCon Decorative Concrete","procondecorative@yahoo.com","https://concretebyprocon.com/about-procon/","Mobile, AL; Orange Beach, AL","Concrete & driveways","https://whoknowsapro.com/business/procon-decorative-concrete","https://whoknowsapro.com/claim?business=seed-v1-orange-beach-al-concrete-site-concretebyprocon-com"
"Professional Appliance Repair","proappliancerepairllc@gmail.com","https://proappliancefix.com/contact/","New Orleans, LA","Appliance repair","https://whoknowsapro.com/business/professional-appliance-repair","https://whoknowsapro.com/claim?business=verified-v1-new-orleans-la-appliance-repair-proappliancefix-com"
"Professional Pressure Wash","brandonppw@yahoo.com","https://www.professionalpressurewash.com/","Mobile, AL; Orange Beach, AL","Pressure washing","https://whoknowsapro.com/business/professional-pressure-wash","https://whoknowsapro.com/claim?business=seed-v1-orange-beach-al-pressure-washing-site-professionalpressurewash-com"
"Protek-Fence","sales@protekfence.com","https://www.protekfence.com/","Fort Lauderdale, FL","Fence builders","https://whoknowsapro.com/business/protek-fence","https://whoknowsapro.com/claim?business=verified-v1-fort-lauderdale-fl-fence-builders-protekfence-com"
"ProTerra Scapes","info@proterrascapes.com","https://www.proterrascapes.com/contact/","Tampa, FL","Landscaping","https://whoknowsapro.com/business/proterra-scapes","https://whoknowsapro.com/claim?business=seed-v1-tampa-fl-landscaping-site-proterrascapes-com"
"Pruett Concrete & Construction","will@pruettconcrete.com","https://pruettconcrete.com/","Gulf Breeze, FL; Navarre, FL; Pensacola, FL; Perdido Key, FL","Concrete & driveways","https://whoknowsapro.com/business/pruett-concrete-construction","https://whoknowsapro.com/claim?business=seed-v1-pensacola-fl-concrete-site-pruettconcrete-com"
"Rain Control Gutters","darren@raincontrolgutters.com","https://www.raincontrolgutters.com/about-us","Tampa, FL","Gutters","https://whoknowsapro.com/business/rain-control-gutters","https://whoknowsapro.com/claim?business=verified-v1-tampa-fl-gutters-raincontrolgutters-com"
"Ramsey Auto Pros","carson@ramzdetailing.com","https://ramseyautopros.com/about-us/","Mobile, AL; Orange Beach, AL","Window tinting","https://whoknowsapro.com/business/ramsey-auto-pros","https://whoknowsapro.com/claim?business=seed-v1-orange-beach-al-window-tinting-2"
"RD Service Pros","rdservicepros9@gmail.com","https://rdservicepros.com/","Gulf Breeze, FL; Navarre, FL; Pensacola, FL; Perdido Key, FL","Handyman","https://whoknowsapro.com/business/rd-service-pros","https://whoknowsapro.com/claim?business=seed-v1-pensacola-fl-handyman-site-rdservicepros-com"
"Red Cap Plumbing, Air & Electric","redcappresident@redcapnow.com","https://redcapnow.com/about-us/contact","Tampa, FL","Plumbing","https://whoknowsapro.com/business/red-cap-plumbing-air-electric","https://whoknowsapro.com/claim?business=seed-v1-tampa-fl-plumbing-site-redcapnow-com"
"Regal & Nautique of Orlando","info@orlandonautiques.com","https://www.orlandoboats.com/orlando-fl-runabout-boats-for-sale/","Orlando, FL","Marine services","https://whoknowsapro.com/business/regal-nautique-of-orlando","https://whoknowsapro.com/claim?business=verified-v1-orlando-fl-marine-services-orlandoboats-com"
"Reliance Mechanical","service@relyonreliance.com","https://relyonreliance.com/contact","Biloxi, MS; Gulfport, MS","Generator installation","https://whoknowsapro.com/business/reliance-mechanical","https://whoknowsapro.com/claim?business=verified-v1-biloxi-ms-generator-installation-relyonreliance-com"
"Renovate It Right, Inc.","info@renovateitright.com","https://www.renovateitright.com/contact","Fort Lauderdale, FL","Flooring; Kitchen & bath remodeling","https://whoknowsapro.com/business/renovate-it-right-inc","https://whoknowsapro.com/claim?business=verified-v1-fort-lauderdale-fl-kitchen-bath-remodeling-renovateitright-com"
"Rescreen Rescue","rescreenrescue@gmail.com","https://rescreenrescue.com/about/","Clearwater, FL; St. Petersburg, FL","Screen enclosures & pool cages","https://whoknowsapro.com/business/rescreen-rescue","https://whoknowsapro.com/claim?business=verified-v1-st-petersburg-fl-screen-enclosures-pool-cages-rescreenrescue-com"
"Rescue Restoration","service@rescuega.com","https://rescuega.com/locations/","Atlanta, GA","Water damage & mold remediation","https://whoknowsapro.com/business/rescue-restoration","https://whoknowsapro.com/claim?business=seed-v1-atlanta-ga-water-damage-mold-remediation-site-rescuega-com"
"Rescue Roofing of Tampa","admin@rescueroofingoftampa.com","https://www.rescueroofingoftampa.com/contact-us/","Tampa, FL","Roofing","https://whoknowsapro.com/business/rescue-roofing-of-tampa","https://whoknowsapro.com/claim?business=seed-v1-tampa-fl-roofing-site-rescueroofingoftampa-com"
"Ridge Top Exteriors","service@email.ridgetopexteriors.com","https://www.ridgetopexteriors.com/contact","Clearwater, FL; St. Petersburg, FL","Gutters; Roofing","https://whoknowsapro.com/business/ridge-top-exteriors","https://whoknowsapro.com/claim?business=verified-v1-st-petersburg-fl-roofing-ridgetopexteriors-com"
"Risher's Window Works","risherswindowworks@gmail.com","https://www.risherswindowworks.com/about-rishers-window","Gulf Breeze, FL; Navarre, FL; Pensacola, FL; Perdido Key, FL","Hurricane shutters & impact windows","https://whoknowsapro.com/business/risher-s-window-works","https://whoknowsapro.com/claim?business=seed-v1-pensacola-fl-hurricane-shutters-impact-windows-site-risherswindowworks-com"
"Robert's Painting","robertcica@hotmail.com","https://robertspaintingllc.com/","Mobile, AL; Orange Beach, AL","Painting","https://whoknowsapro.com/business/robert-s-painting","https://whoknowsapro.com/claim?business=seed-v1-orange-beach-al-painting-site-robertspaintingllc-com"
"Robert's Painting LLC","robertcica@hotmail.com","https://robertspaintingllc.com/","Daphne, AL; Fairhope, AL; Foley, AL; Gulf Shores, AL","Painting","https://whoknowsapro.com/business/robert-s-painting-llc","https://whoknowsapro.com/claim?business=verified-v1-gulf-shores-al-painting-robertspaintingllc-com"
"Royalty Paint & Home Improvements","info@royaltypainthomeimprovements.com","https://royaltypainthomeimprovements.com/","Mobile, AL; Orange Beach, AL","Painting","https://whoknowsapro.com/business/royalty-paint-home-improvements","https://whoknowsapro.com/claim?business=seed-v1-orange-beach-al-painting-site-royaltypainthomeimprovements-com"
"Rusco Electric","ruscoelectric@gmail.com","https://ruscoelectric.com/","Biloxi, MS; Gulfport, MS","Electrical","https://whoknowsapro.com/business/rusco-electric","https://whoknowsapro.com/claim?business=verified-v1-biloxi-ms-electrical-ruscoelectric-com"
"Salty Waters Marine","saltywatersmarine@gmail.com","https://www.393marinerepair.com/about-us","Crestview, FL; Destin, FL; Fort Walton Beach, FL","Marine services","https://whoknowsapro.com/business/salty-waters-marine","https://whoknowsapro.com/claim?business=verified-v1-destin-fl-marine-services-393marinerepair-com"
"Sasser Electrical Services","info@sasserelectric.com","https://www.sasserelectric.com/about-us","Mobile, AL; Orange Beach, AL","Electrical","https://whoknowsapro.com/business/sasser-electrical-services","https://whoknowsapro.com/claim?business=seed-v1-orange-beach-al-electrical-site-sasserelectric-com"
"Scapin Electric","info@scapinelectric.com","https://scapinelectric.com/","Gulf Breeze, FL; Navarre, FL; Pensacola, FL; Perdido Key, FL","Generator installation","https://whoknowsapro.com/business/scapin-electric","https://whoknowsapro.com/claim?business=seed-v1-pensacola-fl-generator-installation-site-scapinelectric-com-generator-installation"
"SCM Roofing","scheduling@scmroofingfl.com","https://scmroofingfl.com/contact","Tampa, FL","Roofing","https://whoknowsapro.com/business/scm-roofing","https://whoknowsapro.com/claim?business=seed-v1-tampa-fl-roofing-site-scmroofingfl-com"
"Sea Results Marine","office@searesultsmarine.com","https://www.searesultsmarine.com/","Gulf Breeze, FL; Navarre, FL; Pensacola, FL; Perdido Key, FL","Marine services","https://whoknowsapro.com/business/sea-results-marine","https://whoknowsapro.com/claim?business=seed-v1-pensacola-fl-marine-services-site-searesultsmarine-com"
"Seacoast Septic & Plumbing","culpepperplumbinginc@hotmail.com","https://seacoastsepticandplumbing.com/about-us/","West Palm Beach, FL","Septic services","https://whoknowsapro.com/business/seacoast-septic-plumbing","https://whoknowsapro.com/claim?business=verified-v1-west-palm-beach-fl-septic-services-seacoastsepticandplumbing-com"
"SealTight Foam","sealtightfoam@gmail.com","https://www.sealtightfoam.com/about-us/","Gulf Breeze, FL; Mobile, AL; Navarre, FL; Orange Beach, AL; Pensacola, FL; Perdido Key, FL","Insulation","https://whoknowsapro.com/business/sealtight-foam","https://whoknowsapro.com/claim?business=seed-v1-pensacola-fl-insulation-2"
"Second Opinion Electric","secondopinionelectric@gmail.com","https://secondopinionelectric.com/about-us-tampa-bay-electricians/","Clearwater, FL; St. Petersburg, FL","Generator installation","https://whoknowsapro.com/business/second-opinion-electric","https://whoknowsapro.com/claim?business=verified-v1-st-petersburg-fl-generator-installation-secondopinionelectric-com"
"Sergeant Locksmith","sergeantlocksmith@gmail.com","https://sergeantlocksmith.com/about/","Fort Myers, FL; Naples, FL","Locksmith","https://whoknowsapro.com/business/sergeant-locksmith","https://whoknowsapro.com/claim?business=verified-v1-fort-myers-fl-locksmith-sergeantlocksmith-com"
"Service Companies","info@serviceco-br.com","https://serviceco-br.com/","Baton Rouge, LA","Flooring; Kitchen & bath remodeling; Landscaping; Lawn care; Painting","https://whoknowsapro.com/business/service-companies","https://whoknowsapro.com/claim?business=verified-v1-baton-rouge-la-lawn-care-serviceco-br-com"
"ServiceMaster EMCO","info@emco-restore.com","https://www.emco-restore.com/about/","Gulf Breeze, FL; Navarre, FL; Pensacola, FL; Perdido Key, FL","Water damage & mold remediation","https://whoknowsapro.com/business/servicemaster-emco","https://whoknowsapro.com/claim?business=seed-v1-pensacola-fl-water-damage-mold-remediation-site-emco-restore-com"
"Servicewise Electric & Plumbing","service@servicewiseelectrical.com","https://www.servicewiseelectricandplumbing.com/contact","Atlanta, GA","Generator installation","https://whoknowsapro.com/business/servicewise-electric-plumbing","https://whoknowsapro.com/claim?business=seed-v1-atlanta-ga-generator-installation-site-servicewiseelectricandplumbing-com-generator-installation"
"SET Appliance","info@setappliance.com","https://setappliance.com/about/","Sarasota, FL","Appliance repair","https://whoknowsapro.com/business/set-appliance","https://whoknowsapro.com/claim?business=verified-v1-sarasota-fl-appliance-repair-setappliance-com"
"SkyGuard Roofing LLC","info@skyguardroofingllc.com","https://www.skyguardroofingllc.com/about","Fort Lauderdale, FL","Roofing","https://whoknowsapro.com/business/skyguard-roofing-llc","https://whoknowsapro.com/claim?business=verified-v1-fort-lauderdale-fl-roofing-skyguardroofingllc-com"
"Smith Landscaping Solutions","smithlandscapingsolutions1@gmail.com","https://smithlandscapingsolutions.com/contact-us/","Mobile, AL; Orange Beach, AL","Landscaping","https://whoknowsapro.com/business/smith-landscaping-solutions","https://whoknowsapro.com/claim?business=seed-v1-orange-beach-al-landscaping-site-smithlandscapingsolutions-com"
"SoFloClean","info@sofloclean.com","https://sofloclean.com/about-sofloclean-lauderdale/","Fort Lauderdale, FL","Carpet cleaning","https://whoknowsapro.com/business/sofloclean","https://whoknowsapro.com/claim?business=verified-v1-fort-lauderdale-fl-carpet-cleaning-sofloclean-com"
"Solar Tint, Inc.","info@solartintinc.com","https://www.solartintinc.com/contact-us","Miami, FL","Window tinting","https://whoknowsapro.com/business/solar-tint-inc","https://whoknowsapro.com/claim?business=verified-v1-miami-fl-window-tinting-solartintinc-com"
"Soundside Marine Electronics","soundsidetrollingmotor@gmail.com","https://www.soundsidetrollingmotor.com/contact","Milton, FL; Pace, FL","Marine services","https://whoknowsapro.com/business/soundside-marine-electronics","https://whoknowsapro.com/claim?business=verified-v1-milton-fl-marine-services-soundsidetrollingmotor-com"
"South Florida Kitchen & Bath Design","southflkitchenandbath@gmail.com","https://southflkitchenandbath.com/","West Palm Beach, FL","Kitchen & bath remodeling","https://whoknowsapro.com/business/south-florida-kitchen-bath-design","https://whoknowsapro.com/claim?business=verified-v1-west-palm-beach-fl-kitchen-bath-remodeling-southflkitchenandbath-com"
"South Gate Fence Company","info@southgatefence.net","https://southgatefence.net/about-us/","Birmingham, AL","Fence builders","https://whoknowsapro.com/business/south-gate-fence-company","https://whoknowsapro.com/claim?business=verified-v1-birmingham-al-fence-builders-southgatefence-net"
"Southeast Contractors of North Florida","rick@southeastcontractors.net","https://www.southeastcontractors.net/","Panama City Beach, FL","Roofing","https://whoknowsapro.com/business/southeast-contractors-of-north-florida","https://whoknowsapro.com/claim?business=verified-v1-panama-city-beach-fl-roofing-southeastcontractors-net"
"Southern Exposure Landscapes","paul@southernexposurelandscapes.net","https://southernexposurelandscapes.net/contact-us/","Mobile, AL; Orange Beach, AL","Landscaping","https://whoknowsapro.com/business/southern-exposure-landscapes","https://whoknowsapro.com/claim?business=seed-v1-orange-beach-al-landscaping-site-southernexposurelandscapes-net"
"Spray Pro Insulation","sales@sprayprofoam.com","https://sprayprofoam.com/about-us/","Tampa, FL","Insulation","https://whoknowsapro.com/business/spray-pro-insulation","https://whoknowsapro.com/claim?business=seed-v1-tampa-fl-insulation-site-sprayprofoam-com"
"Stanton Electrical Services","stantonrashaud@gmail.com","https://www.stantonelectricalservicesllc.com/","Gulf Breeze, FL; Navarre, FL; Pensacola, FL; Perdido Key, FL","Electrical","https://whoknowsapro.com/business/stanton-electrical-services","https://whoknowsapro.com/claim?business=seed-v1-pensacola-fl-electrical-site-stantonelectricalservicesllc-com"
"Starin Construction","skylar@starinconstruction.com","https://www.starinconstruction.com/about","Gulf Breeze, FL; Navarre, FL; Pensacola, FL; Perdido Key, FL","Kitchen & bath remodeling","https://whoknowsapro.com/business/starin-construction","https://whoknowsapro.com/claim?business=seed-v1-pensacola-fl-kitchen-bath-remodeling-site-starinconstruction-com"
"StormTech Shutters","sales@stormtechinc.com","https://stormtechinc.com/contact-us/","Gulf Breeze, FL; Navarre, FL; Pensacola, FL; Perdido Key, FL","Hurricane shutters & impact windows","https://whoknowsapro.com/business/stormtech-shutters","https://whoknowsapro.com/claim?business=seed-v1-pensacola-fl-hurricane-shutters-impact-windows-site-stormtechinc-com"
"Strong Auto Repair","qualityservice@ableautorepairpensacola.com","https://ableautorepairpensacola.com/about-us/","Gulf Breeze, FL; Navarre, FL; Pensacola, FL; Perdido Key, FL","Auto mechanics","https://whoknowsapro.com/business/strong-auto-repair","https://whoknowsapro.com/claim?business=seed-v1-pensacola-fl-auto-mechanics-site-ableautorepairpensacola-com"
"Summit Movers Inc.","moveup@summitmoversinc.com","https://summitmoversinc.com/about-us/","Panama City Beach, FL","Movers","https://whoknowsapro.com/business/summit-movers-inc","https://whoknowsapro.com/claim?business=verified-v1-panama-city-beach-fl-movers-summitmoversinc-com"
"Sun Pavers of Florida","info@sunpavers.com","https://www.sunpavers.com/contact","Tampa, FL","Concrete & driveways","https://whoknowsapro.com/business/sun-pavers-of-florida","https://whoknowsapro.com/claim?business=seed-v1-tampa-fl-concrete-site-sunpavers-com-driveway-services"
"Sun Tech Tinting","info@suntechtinting.com","https://suntechtinting.com/about/","Atlanta, GA","Hurricane shutters & impact windows","https://whoknowsapro.com/business/sun-tech-tinting","https://whoknowsapro.com/claim?business=seed-v1-atlanta-ga-hurricane-shutters-impact-windows-site-suntechtinting-com-security"
"Sunbelt Insulators","sunbelt@gulftel.com","https://www.sunbeltinsulators.net/","Mobile, AL; Orange Beach, AL","Insulation","https://whoknowsapro.com/business/sunbelt-insulators","https://whoknowsapro.com/claim?business=seed-v1-orange-beach-al-insulation-site-sunbeltinsulators-net"
"Suncatcher of Atlanta","info@suncatcherofatlanta.com","https://suncatcherofatlanta.com/aboutus/","Atlanta, GA","Screen enclosures & pool cages","https://whoknowsapro.com/business/suncatcher-of-atlanta","https://whoknowsapro.com/claim?business=seed-v1-atlanta-ga-screen-enclosures-pool-cages-site-suncatcherofatlanta-com"
"Suncoast Marine","ken@missionmarine.net","https://suncoastmarine.net/contact","Fort Myers, FL; Naples, FL","Marine services","https://whoknowsapro.com/business/suncoast-marine","https://whoknowsapro.com/claim?business=verified-v1-fort-myers-fl-marine-services-suncoastmarine-net"
"Suntamers Window Tinting","jason@suntamer.com","https://suntamer.com/contact-us/","Fort Myers, FL; Naples, FL","Window tinting","https://whoknowsapro.com/business/suntamers-window-tinting","https://whoknowsapro.com/claim?business=verified-v1-fort-myers-fl-window-tinting-suntamer-com"
"Superior Electric Tampa","support@superiorelectrictampa.com","https://superiorelectrictampa.com/","Tampa, FL","Electrical","https://whoknowsapro.com/business/superior-electric-tampa","https://whoknowsapro.com/claim?business=seed-v1-tampa-fl-electrical-site-superiorelectrictampa-com"
"Superior Fence & Rail of Atlanta","atlanta@superiorfenceandrail.com","https://fencebuilderatlanta.com/contact/","Atlanta, GA","Fence builders","https://whoknowsapro.com/business/superior-fence-rail-of-atlanta","https://whoknowsapro.com/claim?business=seed-v1-atlanta-ga-fence-builders-3"
"Surf-Clean-Pro","surfcleanpro@gmail.com","https://www.surfcleanpro.com/contact","Mobile, AL; Orange Beach, AL","Pressure washing","https://whoknowsapro.com/business/surf-clean-pro","https://whoknowsapro.com/claim?business=seed-v1-orange-beach-al-pressure-washing-site-surfcleanpro-com"
"Surf's Up Home Service","info@surfsupservice.com","https://www.surfsupservice.com/about-us","Mobile, AL; Orange Beach, AL","Electrical; Generator installation; Plumbing","https://whoknowsapro.com/business/surf-s-up-home-service","https://whoknowsapro.com/claim?business=seed-v1-orange-beach-al-plumbing-site-surfsupservice-com"
"Swain Pools & Spas","office@swainpools.com","https://www.swainpools.com/contact/","Tallahassee, FL","Pool installation; Pool service","https://whoknowsapro.com/business/swain-pools-spas","https://whoknowsapro.com/claim?business=verified-v1-tallahassee-fl-pool-service-swainpools-com"
"SwimTech","pooldoctor@bellsouth.net","https://swimtech.com/","Atlanta, GA","Pool service","https://whoknowsapro.com/business/swimtech","https://whoknowsapro.com/claim?business=seed-v1-atlanta-ga-pool-service-4"
"T.A. Mahoney Co.","info@tamahoney.com","https://tamahoney.com/contact-us/","Tampa, FL","Marine services","https://whoknowsapro.com/business/t-a-mahoney-co","https://whoknowsapro.com/claim?business=seed-v1-tampa-fl-marine-services-site-tamahoney-com-services"
"T&A Auto","tandaautollc@gmail.com","https://www.tanda-auto.com/about","Biloxi, MS; Gulfport, MS","Auto mechanics","https://whoknowsapro.com/business/t-a-auto","https://whoknowsapro.com/claim?business=verified-v1-biloxi-ms-auto-mechanics-tanda-auto-com"
"Tallahassee Clean","hello@tallahasseeclean.com","https://www.tallahasseeclean.com/about-tallahassee-clean","Tallahassee, FL","House cleaning","https://whoknowsapro.com/business/tallahassee-clean","https://whoknowsapro.com/claim?business=verified-v1-tallahassee-fl-house-cleaning-tallahasseeclean-com"
"Tallahassee Floor Finishing","kim@tallahasseefloorfinishing.com","https://tallahasseefloorfinishing.com/contact-us/","Tallahassee, FL","Flooring","https://whoknowsapro.com/business/tallahassee-floor-finishing","https://whoknowsapro.com/claim?business=verified-v1-tallahassee-fl-flooring-tallahasseefloorfinishing-com"
"Tally Junk Removal & Demolition","info@tallyjunk.com","https://tallyjunk.com/about","Tallahassee, FL","Junk removal","https://whoknowsapro.com/business/tally-junk-removal-demolition","https://whoknowsapro.com/claim?business=verified-v1-tallahassee-fl-junk-removal-tallyjunk-com"
"Tampa Bay Landscaping","kathy@tampabaylandscaping.com","https://tampabaylandscaping.com/contact","Tampa, FL","Landscaping","https://whoknowsapro.com/business/tampa-bay-landscaping","https://whoknowsapro.com/claim?business=seed-v1-tampa-fl-landscaping-site-tampabaylandscaping-com"
"Tampa Bay Mold & Flood","info@tampabaymoldandflood.com","https://tampamoldexperts.com/about-us/","Tampa, FL","Water damage & mold remediation","https://whoknowsapro.com/business/tampa-bay-mold-flood","https://whoknowsapro.com/claim?business=seed-v1-tampa-fl-water-damage-mold-remediation-site-tampamoldexperts-com"
"Tampa Bay Pool Care","hello@tampabaypoolcare.com","https://tampabaypoolcare.com/about/","Tampa, FL","Pool service","https://whoknowsapro.com/business/tampa-bay-pool-care","https://whoknowsapro.com/claim?business=seed-v1-tampa-fl-pool-service-site-tampabaypoolcare-com-services-weekly-pool-service"
"Tampa Bay Pools","tbpinfo@tampabaypools.com","https://tampabaypools.com/locations-we-serve/san-antonio/","Tampa, FL","Pool installation","https://whoknowsapro.com/business/tampa-bay-pools","https://whoknowsapro.com/claim?business=seed-v1-tampa-fl-pool-installation-site-tampabaypools-com"
"Tampa Concrete & Construction","contact@tampaconcreteconstruction.com","https://www.tampaconcreteconstruction.com/about-us/","Tampa, FL","Concrete & driveways","https://whoknowsapro.com/business/tampa-concrete-construction","https://whoknowsapro.com/claim?business=seed-v1-tampa-fl-concrete-2"
"Tampa Maids","info@tampamaids.kinsta.cloud","https://tampamaids.com/about/","Tampa, FL","House cleaning","https://whoknowsapro.com/business/tampa-maids","https://whoknowsapro.com/claim?business=verified-v1-tampa-fl-house-cleaning-tampamaids-com"
"Tampa Painting","info@tampapainting.org","https://tampapainting.org/contact-us/","Tampa, FL","Painting","https://whoknowsapro.com/business/tampa-painting","https://whoknowsapro.com/claim?business=seed-v1-tampa-fl-painting-site-tampapainting-org"
"Tampa Power Washers","info@tampapowerwashers.com","https://tampapowerwashers.com/pressure_washing_contact/","Tampa, FL","Pressure washing","https://whoknowsapro.com/business/tampa-power-washers","https://whoknowsapro.com/claim?business=seed-v1-tampa-fl-pressure-washing-site-tampapowerwashers-com"
"Tampa Screens & Aluminum","info@tampascreens.com","https://www.tampascreens.com/about-screen-enclosure-experts","Tampa, FL","Screen enclosures & pool cages","https://whoknowsapro.com/business/tampa-screens-aluminum","https://whoknowsapro.com/claim?business=seed-v1-tampa-fl-screen-enclosures-pool-cages-site-tampascreens-com"
"Tampa Works Handyman","contact@tampaworkshandyman.com","https://tampaworkshandyman.com/about","Tampa, FL","Handyman","https://whoknowsapro.com/business/tampa-works-handyman","https://whoknowsapro.com/claim?business=seed-v1-tampa-fl-handyman-2"
"Tampa's Pressure Washing Services","luism@tampaspressurewashing.com","https://tampaspressurewashing.com/contact","Tampa, FL","Pressure washing","https://whoknowsapro.com/business/tampa-s-pressure-washing-services","https://whoknowsapro.com/claim?business=seed-v1-tampa-fl-pressure-washing-site-tampaspressurewashing-com"
"Taurus Electrical","wade.whitten@taurus-electrical.com","https://www.taurus-electrical.com/about-us","Mobile, AL; Orange Beach, AL","Electrical","https://whoknowsapro.com/business/taurus-electrical","https://whoknowsapro.com/claim?business=seed-v1-orange-beach-al-electrical-site-taurus-electrical-com"
"Taurus Electrical, LLC","wade.whitten@taurus-electrical.com","https://www.taurus-electrical.com/about-us","Daphne, AL; Fairhope, AL; Foley, AL; Gulf Shores, AL","Electrical","https://whoknowsapro.com/business/taurus-electrical-llc","https://whoknowsapro.com/claim?business=verified-v1-gulf-shores-al-electrical-taurus-electrical-com"
"Taylor Air Conditioning and Property Services","mail@taylor-ac.com","https://www.taylor-ac.com/about/","Gulf Breeze, FL; Navarre, FL; Pensacola, FL; Perdido Key, FL","HVAC","https://whoknowsapro.com/business/taylor-air-conditioning-and-property-services","https://whoknowsapro.com/claim?business=seed-v1-pensacola-fl-hvac-site-taylor-ac-com"
"TBS Comics — Fort Walton Beach","edtbscomics@aol.com","https://www.tbscomics.com/store-locations/","Fort Walton Beach, FL","Trading card stores","https://whoknowsapro.com/business/tbs-comics-fort-walton-beach","https://whoknowsapro.com/claim?business=verified-v1-fort-walton-beach-fl-trading-card-stores-tbscomics-com"
"TBS Comics & Games","edtbscomics@aol.com","https://www.tbscomics.com/store-locations/","Gulf Breeze, FL; Navarre, FL; Pensacola, FL; Perdido Key, FL","Trading card stores","https://whoknowsapro.com/business/tbs-comics-games","https://whoknowsapro.com/claim?business=seed-v1-pensacola-fl-trading-card-stores-site-tbscomics-com"
"Tennessee Valley Marine","service@tvmarine.com","https://tvmarine.com/","Huntsville, AL","Marine services","https://whoknowsapro.com/business/tennessee-valley-marine","https://whoknowsapro.com/claim?business=verified-v1-huntsville-al-marine-services-tvmarine-com"
"Terminus Painting Co.","info@terminuspainting.com","https://terminuspainting.com/about-us/","Atlanta, GA","Painting","https://whoknowsapro.com/business/terminus-painting-co","https://whoknowsapro.com/claim?business=seed-v1-atlanta-ga-painting-site-terminuspainting-com"
"The Boat Shop","ben@theboatshops.com","https://theboatshops.com/","Atlanta, GA","Marine services","https://whoknowsapro.com/business/the-boat-shop","https://whoknowsapro.com/claim?business=seed-v1-atlanta-ga-marine-services-3"
"The Covered Patio","info@thecoveredpatio.com","https://thecoveredpatio.com/contact/","Huntsville, AL","Screen enclosures & pool cages","https://whoknowsapro.com/business/the-covered-patio","https://whoknowsapro.com/claim?business=verified-v1-huntsville-al-screen-enclosures-pool-cages-thecoveredpatio-com"
"The Handyman Company Tampa","support@the-handyman-company.com","https://the-handyman-company.com/locations/tampa","Tampa, FL","Handyman","https://whoknowsapro.com/business/the-handyman-company-tampa","https://whoknowsapro.com/claim?business=seed-v1-tampa-fl-handyman-4"
"The Pressure Washing Guys","info@tpwgtampa.com","https://tpwgtampa.com/","Tampa, FL","Pressure washing","https://whoknowsapro.com/business/the-pressure-washing-guys","https://whoknowsapro.com/claim?business=seed-v1-tampa-fl-pressure-washing-site-tpwgtampa-com"
"The Roofing Company of Tampa Bay","info@tampabayroofs.com","https://www.tampabayroofs.com/contact/","Tampa, FL","Roofing","https://whoknowsapro.com/business/the-roofing-company-of-tampa-bay","https://whoknowsapro.com/claim?business=seed-v1-tampa-fl-roofing-site-tampabayroofs-com"
"Thompson's Electric","thompsonselectricllc@gmail.com","https://thompsons-electric.com/","Mobile, AL; Orange Beach, AL","Electrical","https://whoknowsapro.com/business/thompson-s-electric","https://whoknowsapro.com/claim?business=seed-v1-orange-beach-al-electrical-site-thompsons-electric-com"
"Tidal Touch Painting & Restoration","contact@tidaltouchpaint.com","https://tidaltouchpaint.com/about/","Mobile, AL; Orange Beach, AL","Painting","https://whoknowsapro.com/business/tidal-touch-painting-restoration","https://whoknowsapro.com/claim?business=seed-v1-orange-beach-al-painting-site-tidaltouchpaint-com"
"Tigers Concrete","tigerconcrete16@gmail.com","https://tigersconcrete.com/about","Mobile, AL; Orange Beach, AL","Concrete & driveways","https://whoknowsapro.com/business/tigers-concrete","https://whoknowsapro.com/claim?business=seed-v1-orange-beach-al-concrete-site-tigersconcrete-com"
"TilesMax Remodeling","tilesmax@gmail.com","https://tilesmax.com/location","Atlanta, GA","Kitchen & bath remodeling","https://whoknowsapro.com/business/tilesmax-remodeling","https://whoknowsapro.com/claim?business=seed-v1-atlanta-ga-kitchen-bath-remodeling-site-tilesmax-com"
"Tint Atlanta","info@tintatlanta.com","https://tintatlanta.com/contact-us","Atlanta, GA","Hurricane shutters & impact windows; Window tinting","https://whoknowsapro.com/business/tint-atlanta","https://whoknowsapro.com/claim?business=seed-v1-atlanta-ga-window-tinting-1"
"Titan Construction Group","info@titanconstructiongroupllc.com","https://www.titanconstructiongroupllc.com/contact","Atlanta, GA","Concrete & driveways","https://whoknowsapro.com/business/titan-construction-group","https://whoknowsapro.com/claim?business=seed-v1-atlanta-ga-concrete-4"
"Titan Games & Comics","titansmyrna@gmail.com","https://titangamesandcomics.com/about-us/","Atlanta, GA","Trading card stores","https://whoknowsapro.com/business/titan-games-comics","https://whoknowsapro.com/claim?business=seed-v1-atlanta-ga-trading-card-stores-site-titangamesandcomics-com"
"TM Pro Service","info@tmproservice.com","https://tmproservice.com/about","Fort Lauderdale, FL","Handyman","https://whoknowsapro.com/business/tm-pro-service","https://whoknowsapro.com/claim?business=verified-v1-fort-lauderdale-fl-handyman-tmproservice-com"
"TMI Can Help","tmicanhelp@gmail.com","https://www.tmicanhelp.com/about","Montgomery, AL","Handyman","https://whoknowsapro.com/business/tmi-can-help","https://whoknowsapro.com/claim?business=verified-v1-montgomery-al-handyman-tmicanhelp-com"
"Toro Movers","hello@toromovers.com","https://toromovers.com/about","Orlando, FL","Movers","https://whoknowsapro.com/business/toro-movers","https://whoknowsapro.com/claim?business=verified-v1-orlando-fl-movers-toromovers-com"
"TPC Jax","tpcjaxw@gmail.com","https://tpcjaxgames.com/","Jacksonville, FL","Trading card stores","https://whoknowsapro.com/business/tpc-jax","https://whoknowsapro.com/claim?business=verified-v1-jacksonville-fl-trading-card-stores-tpcjaxgames-com"
"Trees Unlimited","1treearborist@gmail.com","https://treesunlimited.us/contact/","Crestview, FL; Destin, FL; Fort Walton Beach, FL","Tree service","https://whoknowsapro.com/business/trees-unlimited","https://whoknowsapro.com/claim?business=verified-v1-destin-fl-tree-service-treesunlimited-us"
"Trinity Heating and Air Conditioning","info@trinityheatandac.com","https://www.trinityheatandac.com/contact/","Gulf Breeze, FL; Navarre, FL; Pensacola, FL; Perdido Key, FL","HVAC","https://whoknowsapro.com/business/trinity-heating-and-air-conditioning","https://whoknowsapro.com/claim?business=seed-v1-pensacola-fl-hvac-site-trinityheatandac-com"
"Troendle Marine, LLC","office@troendlemarine.com","https://troendlemarine.com/","Gulf Breeze, FL; Navarre, FL; Pensacola, FL; Perdido Key, FL","Marine services","https://whoknowsapro.com/business/troendle-marine-llc","https://whoknowsapro.com/claim?business=seed-v1-pensacola-fl-marine-services-site-troendlemarine-com"
"Trophy Pest Control","hello@trophypestcontrol.com","https://trophypestcontrol.com/","Tampa, FL","Pest control","https://whoknowsapro.com/business/trophy-pest-control","https://whoknowsapro.com/claim?business=seed-v1-tampa-fl-pest-control-site-trophypestcontrol-com"
"True Grit Roofing","office@truegritroofingfl.com","https://www.truegritroofingfl.com/contact","Gulf Breeze, FL; Navarre, FL; Pensacola, FL; Perdido Key, FL","Roofing","https://whoknowsapro.com/business/true-grit-roofing","https://whoknowsapro.com/claim?business=seed-v1-pensacola-fl-roofing-site-truegritroofingfl-com"
"TrueLine Painting Co.","estimates@paintwithtrueline.com","https://paintwithtrueline.com/","Mobile, AL; Orange Beach, AL","Painting","https://whoknowsapro.com/business/trueline-painting-co","https://whoknowsapro.com/claim?business=seed-v1-orange-beach-al-painting-site-paintwithtrueline-com"
"Truly Nolen Tampa","info@trulynolen.com","https://locations.trulynolen.com/","Tampa, FL","Pest control","https://whoknowsapro.com/business/truly-nolen-tampa","https://whoknowsapro.com/claim?business=seed-v1-tampa-fl-pest-control-1"
"Two Dames & A Duster","info@twodamesandaduster.com","https://www.twodamesandaduster.com/about","Biloxi, MS; Gulfport, MS","House cleaning","https://whoknowsapro.com/business/two-dames-a-duster","https://whoknowsapro.com/claim?business=verified-v1-biloxi-ms-house-cleaning-twodamesandaduster-com"
"Ultimate Clean Professionals","contact@ultimatecleanprofessionals.com","https://www.ultimatecleanprofessionals.com/about-us","Crestview, FL; Destin, FL; Fort Walton Beach, FL; Milton, FL; Pace, FL; Panama City Beach, FL","House cleaning","https://whoknowsapro.com/business/ultimate-clean-professionals","https://whoknowsapro.com/claim?business=verified-v1-destin-fl-house-cleaning-ultimatecleanprofessionals-com"
"Ultimate Tree Service","info@ultimatetreeservicellc.com","https://www.ultimatetreeservicellc.com/contact-local-tree-specialists","Mobile, AL; Orange Beach, AL","Tree service","https://whoknowsapro.com/business/ultimate-tree-service","https://whoknowsapro.com/claim?business=seed-v1-orange-beach-al-tree-service-site-ultimatetreeservicellc-com"
"Valentine Automotive","s.valentine@mchsi.com","https://valentineautomotive.net/contact/","Mobile, AL; Orange Beach, AL","Auto mechanics","https://whoknowsapro.com/business/valentine-automotive","https://whoknowsapro.com/claim?business=seed-v1-orange-beach-al-auto-mechanics-site-valentineautomotive-net"
"Vannoy's Tire","customercare@sun.auto","https://www.vannoystirespensacola.com/contact-us","Gulf Breeze, FL; Navarre, FL; Pensacola, FL; Perdido Key, FL","Auto mechanics","https://whoknowsapro.com/business/vannoy-s-tire","https://whoknowsapro.com/claim?business=seed-v1-pensacola-fl-auto-mechanics-site-vannoystirespensacola-com"
"Vasallo Construction","contact@thehandymantampa.com","https://thehandymantampa.com/","Tampa, FL","Handyman","https://whoknowsapro.com/business/vasallo-construction","https://whoknowsapro.com/claim?business=seed-v1-tampa-fl-handyman-site-thehandymantampa-com"
"Vaughn's Pools","walter@vaughnspools.com","https://www.vaughnspools.com/contact","Gulf Breeze, FL; Navarre, FL; Pensacola, FL; Perdido Key, FL","Pool installation","https://whoknowsapro.com/business/vaughn-s-pools","https://whoknowsapro.com/claim?business=seed-v1-pensacola-fl-pool-installation-2"
"VetCor of Tampa","claims@vetcorservices.com","https://vetcorservices.com/about-us/","Tampa, FL","Water damage & mold remediation","https://whoknowsapro.com/business/vetcor-of-tampa","https://whoknowsapro.com/claim?business=seed-v1-tampa-fl-water-damage-mold-remediation-site-vetcorservices-com-tampa"
"Viking Pool Service","mark@vikingpoolservice.com","https://vikingpoolservice.com/contact-us/","Tampa, FL","Pool service","https://whoknowsapro.com/business/viking-pool-service","https://whoknowsapro.com/claim?business=seed-v1-tampa-fl-pool-service-site-vikingpoolservice-com"
"Villane's Enclosures","mike@villanesenclosures.com","https://villanesenclosures.com/index.php/about/","Gulf Breeze, FL; Navarre, FL; Pensacola, FL; Perdido Key, FL","Screen enclosures & pool cages","https://whoknowsapro.com/business/villane-s-enclosures","https://whoknowsapro.com/claim?business=seed-v1-pensacola-fl-screen-enclosures-pool-cages-site-villanesenclosures-com"
"Vista Forte","info@vistaforte.com","https://vistaforte.com/contact-us/","Tampa, FL","Hurricane shutters & impact windows","https://whoknowsapro.com/business/vista-forte","https://whoknowsapro.com/claim?business=seed-v1-tampa-fl-hurricane-shutters-impact-windows-site-vistaforte-com"
"VR Insulation","info@vrinsulation.us","https://www.vrinsulation.us/contact-us","Tampa, FL","Insulation","https://whoknowsapro.com/business/vr-insulation","https://whoknowsapro.com/claim?business=seed-v1-tampa-fl-insulation-3"
"Wackenhut Painting Co.","justin@wackenhutpaintingco.com","https://wackenhutpaintingco.com/","Biloxi, MS; Gulfport, MS","Painting","https://whoknowsapro.com/business/wackenhut-painting-co","https://whoknowsapro.com/claim?business=verified-v1-biloxi-ms-painting-wackenhutpaintingco-com"
"Wahoo Pools","info@wahoopools.com","https://wahoopools.com/about","Tampa, FL","Pool installation","https://whoknowsapro.com/business/wahoo-pools","https://whoknowsapro.com/claim?business=seed-v1-tampa-fl-pool-installation-site-wahoopools-com"
"Wayne Pickle Septic Tank","waynepickleplumbing@gmail.com","https://www.waynepickleseptictank.com/contact","Birmingham, AL","Septic services","https://whoknowsapro.com/business/wayne-pickle-septic-tank","https://whoknowsapro.com/claim?business=verified-v1-birmingham-al-septic-services-waynepickleseptictank-com"
"Weaver Landscape","info@weaverlandscape.com","https://weaverlandscape.com/contact/","Atlanta, GA","Landscaping","https://whoknowsapro.com/business/weaver-landscape","https://whoknowsapro.com/claim?business=seed-v1-atlanta-ga-landscaping-site-weaverlandscape-com"
"Weir Mobile Auto Repair","weirmobileautorepair@gmail.com","https://weirmobileautorepair.com/about-us/","Gulf Breeze, FL; Navarre, FL; Pensacola, FL; Perdido Key, FL","Auto mechanics","https://whoknowsapro.com/business/weir-mobile-auto-repair","https://whoknowsapro.com/claim?business=seed-v1-pensacola-fl-auto-mechanics-site-weirmobileautorepair-com"
"West Palm Shutters & Windows","info@westpalmshutters.com","https://westpalmshutters.com/","West Palm Beach, FL","Hurricane shutters & impact windows","https://whoknowsapro.com/business/west-palm-shutters-windows","https://whoknowsapro.com/claim?business=verified-v1-west-palm-beach-fl-hurricane-shutters-impact-windows-westpalmshutters-com"
"Williamson Air Conditioning","williamsonair@gmail.com","https://www.williamsonair.com/contact","Mobile, AL; Orange Beach, AL","HVAC","https://whoknowsapro.com/business/williamson-air-conditioning","https://whoknowsapro.com/claim?business=seed-v1-orange-beach-al-hvac-1"
"Wilson's Service Center","wilsonsservice@bellsouth.net","https://www.wilsonsserviceandtire.com/contact-us","Mobile, AL; Orange Beach, AL","Auto mechanics","https://whoknowsapro.com/business/wilson-s-service-center","https://whoknowsapro.com/claim?business=seed-v1-orange-beach-al-auto-mechanics-site-wilsonsserviceandtire-com"
"Window Kote of Largo","windowkote@gmail.com","https://www.windowkotelargo.com/about-window-kote-of-largo","Clearwater, FL; St. Petersburg, FL","Window tinting","https://whoknowsapro.com/business/window-kote-of-largo","https://whoknowsapro.com/claim?business=verified-v1-st-petersburg-fl-window-tinting-windowkotelargo-com"
"Woodman Insulation","service@woodmaninsulation.com","https://woodmaninsulation.com/contact-us/","Atlanta, GA","Insulation","https://whoknowsapro.com/business/woodman-insulation","https://whoknowsapro.com/claim?business=seed-v1-atlanta-ga-insulation-site-woodmaninsulation-com"
"Wrecktified Paint & Collision","justin@wrecktified.com","https://wrecktified.com/","Clearwater, FL; St. Petersburg, FL","Auto body & collision","https://whoknowsapro.com/business/wrecktified-paint-collision","https://whoknowsapro.com/claim?business=verified-v1-st-petersburg-fl-auto-body-collision-wrecktified-com"
"Wright's Pressure Washing","washcoastal@gmail.com","https://www.washcoastal.com/contact","Mobile, AL; Orange Beach, AL","Pressure washing","https://whoknowsapro.com/business/wright-s-pressure-washing","https://whoknowsapro.com/claim?business=seed-v1-orange-beach-al-pressure-washing-site-washcoastal-com"
"Yutzy Tree Service","sales@yutzytreeservice.com","https://www.yutzytreeservice.com/contact/","Clearwater, FL; St. Petersburg, FL","Tree service","https://whoknowsapro.com/business/yutzy-tree-service","https://whoknowsapro.com/claim?business=verified-v1-st-petersburg-fl-tree-service-yutzytreeservice-com"
"Zen Film Solutions","sales@zenfilmsolutions.com","https://www.zenfilmsolutions.com/contact-us","Tampa, FL","Window tinting","https://whoknowsapro.com/business/zen-film-solutions","https://whoknowsapro.com/claim?business=seed-v1-tampa-fl-window-tinting-site-zenfilmsolutions-com"
